Timestamp;PID;PID_NAME;COMMAND;CPU%;CPU#;CPUWait%;UserCPU%;SystemCPU%;GuestCPU%;AppThreads;fdNR; MinorFaults minflt/s;MajorFaults majflt/s ;MemVSZ(KB);MemRSS(KB);Mem%;StackSize;StackRef; DiskRead(kB/s);DiskWrite(kB/s);kB_ccwr/s;iodelay;CSWCH;NS_CSWCH
10.04.2024 12:42:27;968;/usr/libexec/mariadbd --basedir=/usr;mariadbd;0.0;0;2.15;0.77;0.51; 0.00;8;36;0.24;0.00;1090696; 158140;7.90;132;56;0.57;4.59;4.59;0;9.10;76.98
10.04.2024 12:42:35;968;/usr/libexec/mariadbd --basedir=/usr;mariadbd;0.0;0;2.14;0.77;0.51; 0.00;8;36;0.24;0.00;1090696; 158140;7.90;132;56;0.57;4.59;4.59;0;9.10;76.97
10.04.2024 12:42:43;968;/usr/libexec/mariadbd --basedir=/usr;mariadbd;0.0;0;2.14;0.77;0.51; 0.00;8;36;0.24;0.00;1090696; 158140;7.90;132;56;0.57;4.59;4.59;0;9.10;76.97
10.04.2024 12:42:51;968;/usr/libexec/mariadbd --basedir=/usr;mariadbd;0.0;0;2.14;0.77;0.51; 0.00;8;36;0.24;0.00;1090696; 158140;7.90;132;56;0.57;4.59;4.59;0;9.10;76.96
10.04.2024 12:42:58;968;/usr/libexec/mariadbd --basedir=/usr;mariadbd;0.0;0;2.14;0.77;0.51; 0.00;8;36;0.24;0.00;1090696; 158140;7.90;132;56;0.57;4.59;4.59;0;9.10;76.95
10.04.2024 12:43:06;968;/usr/libexec/mariadbd --basedir=/usr;mariadbd;0.0;0;2.14;0.77;0.51; 0.00;8;36;0.24;0.00;1090696; 158140;7.90;132;56;0.57;4.58;4.58;0;9.10;76.95
10.04.2024 12:43:14;968;/usr/libexec/mariadbd --basedir=/usr;mariadbd;0.0;0;2.14;0.77;0.51; 0.00;8;36;0.24;0.00;1090696; 158140;7.90;132;56;0.57;4.58;4.58;0;9.10;76.94
10.04.2024 12:43:22;968;/usr/libexec/mariadbd --basedir=/usr;mariadbd;0.0;0;2.14;0.77;0.51; 0.00;8;36;0.24;0.00;1090696; 158140;7.90;132;56;0.57;4.58;4.58;0;9.10;76.93
10.04.2024 12:43:29;968;/usr/libexec/mariadbd --basedir=/usr;mariadbd;0.0;0;2.14;0.77;0.51; 0.00;8;36;0.24;0.00;1090696; 158140;7.90;132;56;0.57;4.58;4.58;0;9.10;76.92
10.04.2024 12:43:37;968;/usr/libexec/mariadbd --basedir=/usr;mariadbd;0.0;0;2.14;0.77;0.51; 0.00;8;36;0.24;0.00;1090696; 158140;7.90;132;56;0.57;4.58;4.58;0;9.09;76.92
10.04.2024 12:43:45;968;/usr/libexec/mariadbd --basedir=/usr;mariadbd;0.0;0;2.14;0.77;0.51; 0.00;8;36;0.24;0.00;1090696; 158140;7.90;132;56;0.57;4.58;4.58;0;9.09;76.91
10.04.2024 12:43:52;968;/usr/libexec/mariadbd --basedir=/usr;mariadbd;0.0;0;2.14;0.77;0.51; 0.00;8;36;0.24;0.00;1090696; 158140;7.90;132;56;0.57;4.58;4.58;0;9.09;76.90
10.04.2024 12:44:00;968;/usr/libexec/mariadbd --basedir=/usr;mariadbd;0.0;0;2.14;0.77;0.51; 0.00;8;36;0.24;0.00;1090696; 158140;7.90;132;56;0.57;4.58;4.58;0;9.09;76.90
10.04.2024 12:44:08;968;/usr/libexec/mariadbd --basedir=/usr;mariadbd;0.0;0;2.14;0.77;0.51; 0.00;8;36;0.24;0.00;1090696; 158140;7.90;132;56;0.57;4.58;4.58;0;9.09;76.89
10.04.2024 12:44:16;968;/usr/libexec/mariadbd --basedir=/usr;mariadbd;0.0;0;2.14;0.77;0.51; 0.00;8;36;0.24;0.00;1090696; 158140;7.90;132;56;0.57;4.58;4.58;0;9.09;76.88
10.04.2024 12:44:23;968;/usr/libexec/mariadbd --basedir=/usr;mariadbd;0.0;0;2.14;0.77;0.51; 0.00;8;36;0.24;0.00;1090696; 158140;7.90;132;56;0.57;4.58;4.58;0;9.09;76.88
10.04.2024 12:44:31;968;/usr/libexec/mariadbd --basedir=/usr;mariadbd;0.0;0;2.14;0.76;0.51; 0.00;8;36;0.24;0.00;1090696; 158140;7.90;132;56;0.57;4.58;4.58;0;9.09;76.87
10.04.2024 12:44:39;968;/usr/libexec/mariadbd --basedir=/usr;mariadbd;0.0;0;2.14;0.76;0.51; 0.00;8;36;0.24;0.00;1090696; 158140;7.90;132;56;0.57;4.58;4.58;0;9.09;76.86
10.04.2024 12:44:46;968;/usr/libexec/mariadbd --basedir=/usr;mariadbd;0.0;0;2.14;0.76;0.51; 0.00;8;36;0.24;0.00;1090696; 158140;7.90;132;56;0.57;4.58;4.58;0;9.09;76.86
10.04.2024 12:44:54;968;/usr/libexec/mariadbd --basedir=/usr;mariadbd;0.0;0;2.14;0.76;0.51; 0.00;8;36;0.24;0.00;1090696; 158140;7.90;132;56;0.57;4.58;4.58;0;9.09;76.85
10.04.2024 12:45:02;968;/usr/libexec/mariadbd --basedir=/usr;mariadbd;0.0;0;2.14;0.76;0.51; 0.00;8;36;0.24;0.00;1090696; 158140;7.90;132;56;0.57;4.58;4.58;0;9.09;76.84
10.04.2024 12:45:10;968;/usr/libexec/mariadbd --basedir=/usr;mariadbd;0.0;0;2.14;0.76;0.51; 0.00;8;36;0.24;0.00;1090696; 158140;7.90;132;56;0.57;4.58;4.58;0;9.09;76.83
10.04.2024 12:45:17;968;/usr/libexec/mariadbd --basedir=/usr;mariadbd;0.0;0;2.14;0.76;0.51; 0.00;8;36;0.24;0.00;1090696; 158140;7.90;132;56;0.57;4.58;4.58;0;9.08;76.83
10.04.2024 12:45:25;968;/usr/libexec/mariadbd --basedir=/usr;mariadbd;0.0;0;2.14;0.76;0.51; 0.00;8;36;0.24;0.00;1090696; 158140;7.90;132;56;0.57;4.58;4.58;0;9.08;76.82
10.04.2024 12:45:33;968;/usr/libexec/mariadbd --basedir=/usr;mariadbd;0.0;0;2.14;0.76;0.51; 0.00;8;36;0.24;0.00;1090696; 158140;7.90;132;56;0.57;4.58;4.58;0;9.08;76.81
10.04.2024 12:45:40;968;/usr/libexec/mariadbd --basedir=/usr;mariadbd;0.0;0;2.14;0.76;0.51; 0.00;8;36;0.24;0.00;1090696; 158140;7.90;132;56;0.57;4.58;4.58;0;9.08;76.81
10.04.2024 12:45:48;968;/usr/libexec/mariadbd --basedir=/usr;mariadbd;0.0;0;2.14;0.76;0.51; 0.00;8;36;0.24;0.00;1090696; 158140;7.90;132;56;0.57;4.58;4.58;0;9.08;76.80
10.04.2024 12:45:56;968;/usr/libexec/mariadbd --basedir=/usr;mariadbd;0.0;0;2.14;0.76;0.51; 0.00;8;36;0.24;0.00;1090696; 158140;7.90;132;56;0.57;4.58;4.58;0;9.08;76.79
10.04.2024 12:46:04;968;/usr/libexec/mariadbd --basedir=/usr;mariadbd;0.0;0;2.14;0.76;0.51; 0.00;8;36;0.24;0.00;1090696; 158140;7.90;132;56;0.57;4.58;4.58;0;9.08;76.79
10.04.2024 12:46:11;968;/usr/libexec/mariadbd --basedir=/usr;mariadbd;0.0;0;2.14;0.76;0.51; 0.00;8;36;0.24;0.00;1090696; 158140;7.90;132;56;0.57;4.58;4.58;0;9.08;76.78
10.04.2024 12:46:19;968;/usr/libexec/mariadbd --basedir=/usr;mariadbd;0.0;0;2.14;0.76;0.51; 0.00;8;36;0.24;0.00;1090696; 158140;7.90;132;56;0.57;4.57;4.57;0;9.08;76.77
10.04.2024 12:46:27;968;/usr/libexec/mariadbd --basedir=/usr;mariadbd;0.0;0;2.14;0.76;0.51; 0.00;8;36;0.24;0.00;1090696; 158140;7.90;132;56;0.57;4.57;4.57;0;9.08;76.77
10.04.2024 12:46:34;968;/usr/libexec/mariadbd --basedir=/usr;mariadbd;0.0;0;2.14;0.76;0.51; 0.00;8;36;0.24;0.00;1090696; 158140;7.90;132;56;0.57;4.57;4.57;0;9.08;76.76
10.04.2024 12:46:42;968;/usr/libexec/mariadbd --basedir=/usr;mariadbd;0.0;0;2.14;0.76;0.51; 0.00;8;36;0.24;0.00;1090696; 158140;7.90;132;56;0.57;4.57;4.57;0;9.08;76.75
10.04.2024 12:46:50;968;/usr/libexec/mariadbd --basedir=/usr;mariadbd;0.0;0;2.14;0.76;0.51; 0.00;8;36;0.24;0.00;1090696; 158140;7.90;132;56;0.57;4.57;4.57;0;9.07;76.74
10.04.2024 12:46:58;968;/usr/libexec/mariadbd --basedir=/usr;mariadbd;0.0;0;2.14;0.76;0.51; 0.00;8;36;0.24;0.00;1090696; 158140;7.90;132;56;0.57;4.57;4.57;0;9.07;76.74
10.04.2024 12:47:05;968;/usr/libexec/mariadbd --basedir=/usr;mariadbd;0.0;0;2.14;0.76;0.51; 0.00;8;36;0.24;0.00;1090696; 158140;7.90;132;56;0.57;4.57;4.57;0;9.07;76.73
10.04.2024 12:47:13;968;/usr/libexec/mariadbd --basedir=/usr;mariadbd;0.0;0;2.14;0.76;0.51; 0.00;8;36;0.24;0.00;1090696; 158140;7.90;132;56;0.57;4.57;4.57;0;9.07;76.72
10.04.2024 12:47:21;968;/usr/libexec/mariadbd --basedir=/usr;mariadbd;0.0;0;2.14;0.76;0.51; 0.00;8;36;0.24;0.00;1090696; 158140;7.90;132;56;0.57;4.57;4.57;0;9.07;76.72
10.04.2024 12:47:28;968;/usr/libexec/mariadbd --basedir=/usr;mariadbd;0.0;0;2.14;0.76;0.51; 0.00;8;36;0.24;0.00;1090696; 158140;7.90;132;56;0.57;4.57;4.57;0;9.07;76.71
10.04.2024 12:47:36;968;/usr/libexec/mariadbd --basedir=/usr;mariadbd;0.0;0;2.14;0.76;0.51; 0.00;8;36;0.24;0.00;1090696; 158140;7.90;132;56;0.57;4.57;4.57;0;9.07;76.70
10.04.2024 12:47:44;968;/usr/libexec/mariadbd --basedir=/usr;mariadbd;0.0;0;2.14;0.76;0.51; 0.00;8;36;0.24;0.00;1090696; 158140;7.90;132;56;0.57;4.57;4.57;0;9.07;76.70
10.04.2024 12:47:52;968;/usr/libexec/mariadbd --basedir=/usr;mariadbd;0.0;0;2.14;0.76;0.51; 0.00;8;36;0.24;0.00;1090696; 158140;7.90;132;56;0.57;4.57;4.57;0;9.07;76.69
10.04.2024 12:47:59;968;/usr/libexec/mariadbd --basedir=/usr;mariadbd;0.0;0;2.14;0.76;0.51; 0.00;8;36;0.24;0.00;1090696; 158140;7.90;132;56;0.57;4.57;4.57;0;9.07;76.68
10.04.2024 12:48:07;968;/usr/libexec/mariadbd --basedir=/usr;mariadbd;0.0;0;2.14;0.76;0.51; 0.00;8;36;0.24;0.00;1090696; 158140;7.90;132;56;0.57;4.57;4.57;0;9.07;76.68
10.04.2024 12:48:15;968;/usr/libexec/mariadbd --basedir=/usr;mariadbd;0.0;0;2.14;0.76;0.51; 0.00;8;36;0.24;0.00;1090696; 158140;7.90;132;56;0.57;4.57;4.57;0;9.07;76.67
10.04.2024 12:48:22;968;/usr/libexec/mariadbd --basedir=/usr;mariadbd;0.0;0;2.14;0.76;0.51; 0.00;8;36;0.24;0.00;1090696; 158140;7.90;132;56;0.57;4.57;4.57;0;9.06;76.66
10.04.2024 12:48:30;968;/usr/libexec/mariadbd --basedir=/usr;mariadbd;0.0;0;2.14;0.76;0.51; 0.00;8;36;0.24;0.00;1090696; 158140;7.90;132;56;0.57;4.57;4.57;0;9.06;76.65
10.04.2024 12:48:38;968;/usr/libexec/mariadbd --basedir=/usr;mariadbd;0.0;0;2.14;0.76;0.51; 0.00;8;36;0.23;0.00;1090696; 158140;7.90;132;56;0.57;4.57;4.57;0;9.06;76.65
10.04.2024 12:48:45;968;/usr/libexec/mariadbd --basedir=/usr;mariadbd;0.0;0;2.14;0.76;0.51; 0.00;8;36;0.23;0.00;1090696; 158140;7.90;132;56;0.57;4.57;4.57;0;9.06;76.64
10.04.2024 12:48:53;968;/usr/libexec/mariadbd --basedir=/usr;mariadbd;0.0;0;2.14;0.76;0.51; 0.00;8;36;0.23;0.00;1090696; 158140;7.90;132;56;0.57;4.57;4.57;0;9.06;76.63
10.04.2024 12:49:01;968;/usr/libexec/mariadbd --basedir=/usr;mariadbd;0.0;0;2.14;0.76;0.51; 0.00;8;36;0.23;0.00;1090696; 158140;7.90;132;56;0.57;4.57;4.57;0;9.06;76.63
10.04.2024 12:49:09;968;/usr/libexec/mariadbd --basedir=/usr;mariadbd;0.0;0;2.14;0.76;0.51; 0.00;8;36;0.23;0.00;1090696; 158140;7.90;132;56;0.57;4.57;4.57;0;9.06;76.62
10.04.2024 12:49:16;968;/usr/libexec/mariadbd --basedir=/usr;mariadbd;0.0;0;2.13;0.76;0.51; 0.00;8;36;0.23;0.00;1090696; 158140;7.90;132;56;0.57;4.57;4.57;0;9.06;76.61
10.04.2024 12:49:24;968;/usr/libexec/mariadbd --basedir=/usr;mariadbd;0.0;0;2.13;0.76;0.51; 0.00;8;36;0.23;0.00;1090696; 158140;7.90;132;56;0.57;4.56;4.56;0;9.06;76.61
10.04.2024 12:49:32;968;/usr/libexec/mariadbd --basedir=/usr;mariadbd;0.0;0;2.13;0.76;0.51; 0.00;8;36;0.23;0.00;1090696; 158140;7.90;132;56;0.57;4.56;4.56;0;9.06;76.60
10.04.2024 12:49:39;968;/usr/libexec/mariadbd --basedir=/usr;mariadbd;0.0;0;2.13;0.76;0.51; 0.00;8;36;0.23;0.00;1090696; 158140;7.90;132;56;0.57;4.56;4.56;0;9.06;76.59
10.04.2024 12:49:47;968;/usr/libexec/mariadbd --basedir=/usr;mariadbd;0.0;0;2.13;0.76;0.51; 0.00;8;36;0.23;0.00;1090696; 158140;7.90;132;56;0.57;4.56;4.56;0;9.06;76.59
10.04.2024 12:49:55;968;/usr/libexec/mariadbd --basedir=/usr;mariadbd;0.0;0;2.13;0.76;0.51; 0.00;8;36;0.23;0.00;1090696; 158140;7.90;132;56;0.57;4.56;4.56;0;9.05;76.58
10.04.2024 12:50:03;968;/usr/libexec/mariadbd --basedir=/usr;mariadbd;0.0;0;2.13;0.76;0.51; 0.00;8;36;0.23;0.00;1090696; 158140;7.90;132;56;0.57;4.56;4.56;0;9.05;76.57
10.04.2024 12:50:10;968;/usr/libexec/mariadbd --basedir=/usr;mariadbd;0.0;0;2.13;0.76;0.51; 0.00;8;36;0.23;0.00;1090696; 158140;7.90;132;56;0.57;4.56;4.56;0;9.05;76.57
10.04.2024 12:50:18;968;/usr/libexec/mariadbd --basedir=/usr;mariadbd;0.0;0;2.13;0.76;0.51; 0.00;8;36;0.23;0.00;1090696; 158140;7.90;132;56;0.57;4.56;4.56;0;9.05;76.56
10.04.2024 12:50:26;968;/usr/libexec/mariadbd --basedir=/usr;mariadbd;0.0;0;2.13;0.76;0.51; 0.00;8;36;0.23;0.00;1090696; 158140;7.90;132;56;0.57;4.56;4.56;0;9.05;76.55
10.04.2024 12:50:34;968;/usr/libexec/mariadbd --basedir=/usr;mariadbd;0.0;0;2.13;0.76;0.51; 0.00;8;36;0.23;0.00;1090696; 158140;7.90;132;56;0.57;4.56;4.56;0;9.05;76.54
10.04.2024 12:50:41;968;/usr/libexec/mariadbd --basedir=/usr;mariadbd;0.0;0;2.13;0.76;0.51; 0.00;8;36;0.23;0.00;1090696; 158140;7.90;132;56;0.57;4.56;4.56;0;9.05;76.54
10.04.2024 12:50:49;968;/usr/libexec/mariadbd --basedir=/usr;mariadbd;0.0;0;2.13;0.76;0.51; 0.00;8;36;0.23;0.00;1090696; 158140;7.90;132;56;0.57;4.56;4.56;0;9.05;76.53
10.04.2024 12:50:57;968;/usr/libexec/mariadbd --basedir=/usr;mariadbd;0.0;0;2.13;0.76;0.51; 0.00;8;36;0.23;0.00;1090696; 158140;7.90;132;56;0.57;4.56;4.56;0;9.05;76.52
10.04.2024 12:51:04;968;/usr/libexec/mariadbd --basedir=/usr;mariadbd;0.0;0;2.13;0.76;0.51; 0.00;8;36;0.23;0.00;1090696; 158140;7.90;132;56;0.57;4.56;4.56;0;9.05;76.52
10.04.2024 12:51:12;968;/usr/libexec/mariadbd --basedir=/usr;mariadbd;0.0;0;2.13;0.76;0.51; 0.00;8;36;0.23;0.00;1090696; 158140;7.90;132;56;0.57;4.56;4.56;0;9.05;76.51
10.04.2024 12:51:20;968;/usr/libexec/mariadbd --basedir=/usr;mariadbd;0.0;0;2.13;0.76;0.51; 0.00;8;36;0.23;0.00;1090696; 158140;7.90;132;56;0.57;4.56;4.56;0;9.05;76.50
10.04.2024 12:51:28;968;/usr/libexec/mariadbd --basedir=/usr;mariadbd;0.0;0;2.13;0.76;0.51; 0.00;8;36;0.23;0.00;1090696; 158140;7.90;132;56;0.57;4.56;4.56;0;9.05;76.50
10.04.2024 12:51:35;968;/usr/libexec/mariadbd --basedir=/usr;mariadbd;0.0;0;2.13;0.76;0.51; 0.00;8;36;0.23;0.00;1090696; 158140;7.90;132;56;0.57;4.56;4.56;0;9.04;76.49
10.04.2024 12:51:43;968;/usr/libexec/mariadbd --basedir=/usr;mariadbd;0.0;0;2.13;0.76;0.51; 0.00;8;36;0.23;0.00;1090696; 158140;7.90;132;56;0.57;4.56;4.56;0;9.04;76.48
10.04.2024 12:51:51;968;/usr/libexec/mariadbd --basedir=/usr;mariadbd;0.0;0;2.13;0.76;0.51; 0.00;8;36;0.23;0.00;1090696; 158140;7.90;132;56;0.57;4.56;4.56;0;9.04;76.48
10.04.2024 12:51:59;968;/usr/libexec/mariadbd --basedir=/usr;mariadbd;0.0;0;2.13;0.76;0.51; 0.00;8;36;0.23;0.00;1090696; 158140;7.90;132;56;0.57;4.56;4.56;0;9.04;76.47
10.04.2024 12:52:06;968;/usr/libexec/mariadbd --basedir=/usr;mariadbd;0.0;0;2.13;0.76;0.51; 0.00;8;36;0.23;0.00;1090696; 158140;7.90;132;56;0.57;4.56;4.56;0;9.04;76.46
10.04.2024 12:52:14;968;/usr/libexec/mariadbd --basedir=/usr;mariadbd;0.0;0;2.13;0.76;0.51; 0.00;8;36;0.23;0.00;1090696; 158140;7.90;132;56;0.57;4.56;4.56;0;9.04;76.46
10.04.2024 12:52:22;968;/usr/libexec/mariadbd --basedir=/usr;mariadbd;0.0;0;2.13;0.76;0.51; 0.00;8;36;0.23;0.00;1090696; 158140;7.90;132;56;0.57;4.56;4.56;0;9.04;76.45
10.04.2024 12:52:29;968;/usr/libexec/mariadbd --basedir=/usr;mariadbd;0.0;0;2.13;0.76;0.51; 0.00;8;36;0.23;0.00;1090696; 158140;7.90;132;56;0.57;4.55;4.55;0;9.04;76.44
10.04.2024 12:52:37;968;/usr/libexec/mariadbd --basedir=/usr;mariadbd;0.0;0;2.13;0.76;0.51; 0.00;8;36;0.23;0.00;1090696; 158140;7.90;132;56;0.57;4.55;4.55;0;9.04;76.43
10.04.2024 12:52:45;968;/usr/libexec/mariadbd --basedir=/usr;mariadbd;0.0;0;2.13;0.76;0.51; 0.00;8;36;0.23;0.00;1090696; 158140;7.90;132;56;0.57;4.55;4.55;0;9.04;76.43
10.04.2024 12:52:52;968;/usr/libexec/mariadbd --basedir=/usr;mariadbd;0.0;0;2.13;0.76;0.51; 0.00;8;36;0.23;0.00;1090696; 158140;7.90;132;56;0.57;4.55;4.55;0;9.04;76.42
10.04.2024 12:53:00;968;/usr/libexec/mariadbd --basedir=/usr;mariadbd;0.0;0;2.13;0.76;0.51; 0.00;8;36;0.23;0.00;1090696; 158140;7.90;132;56;0.57;4.55;4.55;0;9.04;76.41
10.04.2024 12:53:08;968;/usr/libexec/mariadbd --basedir=/usr;mariadbd;0.0;0;2.13;0.76;0.51; 0.00;8;36;0.23;0.00;1090696; 158140;7.90;132;56;0.57;4.55;4.55;0;9.03;76.41
10.04.2024 12:53:16;968;/usr/libexec/mariadbd --basedir=/usr;mariadbd;0.0;0;2.13;0.76;0.51; 0.00;8;36;0.23;0.00;1090696; 158140;7.90;132;56;0.57;4.55;4.55;0;9.03;76.40
10.04.2024 12:53:23;968;/usr/libexec/mariadbd --basedir=/usr;mariadbd;0.0;0;2.13;0.76;0.51; 0.00;8;36;0.23;0.00;1090696; 158140;7.90;132;56;0.57;4.55;4.55;0;9.03;76.39
10.04.2024 12:53:31;968;/usr/libexec/mariadbd --basedir=/usr;mariadbd;0.0;0;2.13;0.76;0.51; 0.00;8;36;0.23;0.00;1090696; 158140;7.90;132;56;0.57;4.55;4.55;0;9.03;76.39
10.04.2024 12:53:39;968;/usr/libexec/mariadbd --basedir=/usr;mariadbd;0.0;0;2.13;0.76;0.51; 0.00;8;36;0.23;0.00;1090696; 158140;7.90;132;56;0.57;4.55;4.55;0;9.03;76.38
10.04.2024 12:53:46;968;/usr/libexec/mariadbd --basedir=/usr;mariadbd;0.0;0;2.13;0.76;0.51; 0.00;8;36;0.23;0.00;1090696; 158140;7.90;132;56;0.57;4.55;4.55;0;9.03;76.37
10.04.2024 12:53:54;968;/usr/libexec/mariadbd --basedir=/usr;mariadbd;0.0;0;2.13;0.76;0.51; 0.00;8;36;0.23;0.00;1090696; 158140;7.90;132;56;0.57;4.55;4.55;0;9.03;76.37
10.04.2024 12:54:02;968;/usr/libexec/mariadbd --basedir=/usr;mariadbd;0.0;0;2.13;0.76;0.51; 0.00;8;36;0.23;0.00;1090696; 158140;7.90;132;56;0.57;4.55;4.55;0;9.03;76.36
10.04.2024 12:54:10;968;/usr/libexec/mariadbd --basedir=/usr;mariadbd;0.0;0;2.13;0.76;0.51; 0.00;8;36;0.23;0.00;1090696; 158140;7.90;132;56;0.57;4.55;4.55;0;9.03;76.35
10.04.2024 12:54:17;968;/usr/libexec/mariadbd --basedir=/usr;mariadbd;0.0;0;2.13;0.76;0.51; 0.00;8;36;0.23;0.00;1090696; 158140;7.90;132;56;0.57;4.55;4.55;0;9.03;76.35
10.04.2024 12:54:25;968;/usr/libexec/mariadbd --basedir=/usr;mariadbd;0.0;0;2.13;0.76;0.51; 0.00;8;36;0.23;0.00;1090696; 158140;7.90;132;56;0.57;4.55;4.55;0;9.03;76.34
10.04.2024 12:54:33;968;/usr/libexec/mariadbd --basedir=/usr;mariadbd;0.0;0;2.13;0.76;0.51; 0.00;8;36;0.23;0.00;1090696; 158140;7.90;132;56;0.57;4.55;4.55;0;9.03;76.33
10.04.2024 12:54:40;968;/usr/libexec/mariadbd --basedir=/usr;mariadbd;0.0;0;2.13;0.76;0.51; 0.00;8;36;0.23;0.00;1090696; 158140;7.90;132;56;0.57;4.55;4.55;0;9.02;76.33
10.04.2024 12:54:48;968;/usr/libexec/mariadbd --basedir=/usr;mariadbd;0.0;0;2.13;0.76;0.51; 0.00;8;36;0.23;0.00;1090696; 158140;7.90;132;56;0.57;4.55;4.55;0;9.02;76.32
10.04.2024 12:54:56;968;/usr/libexec/mariadbd --basedir=/usr;mariadbd;0.0;0;2.13;0.76;0.51; 0.00;8;36;0.23;0.00;1090696; 158140;7.90;132;56;0.57;4.55;4.55;0;9.02;76.31
10.04.2024 12:55:04;968;/usr/libexec/mariadbd --basedir=/usr;mariadbd;0.0;0;2.13;0.76;0.51; 0.00;8;36;0.23;0.00;1090696; 158140;7.90;132;56;0.57;4.55;4.55;0;9.02;76.30
10.04.2024 12:55:11;968;/usr/libexec/mariadbd --basedir=/usr;mariadbd;0.0;0;2.13;0.76;0.51; 0.00;8;36;0.23;0.00;1090696; 158140;7.90;132;56;0.57;4.55;4.55;0;9.02;76.30
10.04.2024 12:55:19;968;/usr/libexec/mariadbd --basedir=/usr;mariadbd;0.0;0;2.13;0.76;0.51; 0.00;8;36;0.23;0.00;1090696; 158140;7.90;132;56;0.57;4.55;4.55;0;9.02;76.29
10.04.2024 12:55:27;968;/usr/libexec/mariadbd --basedir=/usr;mariadbd;0.0;0;2.13;0.76;0.51; 0.00;8;36;0.23;0.00;1090696; 158140;7.90;132;56;0.57;4.55;4.55;0;9.02;76.28
10.04.2024 12:55:34;968;/usr/libexec/mariadbd --basedir=/usr;mariadbd;0.0;0;2.13;0.76;0.51; 0.00;8;36;0.23;0.00;1090696; 158140;7.90;132;56;0.57;4.55;4.55;0;9.02;76.28
10.04.2024 12:55:42;968;/usr/libexec/mariadbd --basedir=/usr;mariadbd;0.0;0;2.13;0.76;0.51; 0.00;8;36;0.23;0.00;1090696; 158140;7.90;132;56;0.57;4.54;4.54;0;9.02;76.27
10.04.2024 12:55:50;968;/usr/libexec/mariadbd --basedir=/usr;mariadbd;0.0;0;2.13;0.76;0.51; 0.00;8;36;0.23;0.00;1090696; 158140;7.90;132;56;0.57;4.54;4.54;0;9.02;76.26
10.04.2024 12:55:58;968;/usr/libexec/mariadbd --basedir=/usr;mariadbd;0.0;0;2.13;0.76;0.51; 0.00;8;36;0.23;0.00;1090696; 158140;7.90;132;56;0.57;4.54;4.54;0;9.02;76.26
10.04.2024 12:56:05;968;/usr/libexec/mariadbd --basedir=/usr;mariadbd;0.0;0;2.12;0.76;0.51; 0.00;8;36;0.23;0.00;1090696; 158140;7.90;132;56;0.57;4.54;4.54;0;9.02;76.25
10.04.2024 12:56:13;968;/usr/libexec/mariadbd --basedir=/usr;mariadbd;0.0;0;2.12;0.76;0.51; 0.00;8;36;0.23;0.00;1090696; 158140;7.90;132;56;0.57;4.54;4.54;0;9.02;76.24
10.04.2024 12:56:21;968;/usr/libexec/mariadbd --basedir=/usr;mariadbd;0.0;0;2.12;0.76;0.51; 0.00;8;36;0.23;0.00;1090696; 158140;7.90;132;56;0.57;4.54;4.54;0;9.01;76.24
10.04.2024 12:56:28;968;/usr/libexec/mariadbd --basedir=/usr;mariadbd;0.0;0;2.12;0.76;0.51; 0.00;8;36;0.23;0.00;1090696; 158140;7.90;132;56;0.57;4.54;4.54;0;9.01;76.23
10.04.2024 12:56:36;968;/usr/libexec/mariadbd --basedir=/usr;mariadbd;0.0;0;2.12;0.76;0.51; 0.00;8;36;0.23;0.00;1090696; 158140;7.90;132;56;0.57;4.54;4.54;0;9.01;76.22
10.04.2024 12:56:44;968;/usr/libexec/mariadbd --basedir=/usr;mariadbd;0.0;0;2.12;0.76;0.51; 0.00;8;36;0.23;0.00;1090696; 158140;7.90;132;56;0.57;4.54;4.54;0;9.01;76.22
10.04.2024 12:56:52;968;/usr/libexec/mariadbd --basedir=/usr;mariadbd;0.0;0;2.12;0.76;0.51; 0.00;8;36;0.23;0.00;1090696; 158140;7.90;132;56;0.57;4.54;4.54;0;9.01;76.21
10.04.2024 12:56:59;968;/usr/libexec/mariadbd --basedir=/usr;mariadbd;0.0;0;2.12;0.76;0.51; 0.00;8;36;0.23;0.00;1090696; 158140;7.90;132;56;0.57;4.54;4.54;0;9.01;76.20
10.04.2024 12:57:07;968;/usr/libexec/mariadbd --basedir=/usr;mariadbd;0.0;0;2.12;0.76;0.51; 0.00;8;36;0.23;0.00;1090696; 158140;7.90;132;56;0.57;4.54;4.54;0;9.01;76.20
10.04.2024 12:57:15;968;/usr/libexec/mariadbd --basedir=/usr;mariadbd;0.0;0;2.12;0.76;0.51; 0.00;8;36;0.23;0.00;1090696; 158140;7.90;132;56;0.57;4.54;4.54;0;9.01;76.19
10.04.2024 12:57:22;968;/usr/libexec/mariadbd --basedir=/usr;mariadbd;0.0;0;2.12;0.76;0.51; 0.00;8;36;0.23;0.00;1090696; 158140;7.90;132;56;0.57;4.54;4.54;0;9.01;76.18
10.04.2024 12:57:30;968;/usr/libexec/mariadbd --basedir=/usr;mariadbd;0.0;0;2.12;0.76;0.51; 0.00;8;36;0.23;0.00;1090696; 158140;7.90;132;56;0.57;4.54;4.54;0;9.01;76.17
10.04.2024 12:57:38;968;/usr/libexec/mariadbd --basedir=/usr;mariadbd;0.0;0;2.12;0.76;0.51; 0.00;8;36;0.23;0.00;1090696; 158140;7.90;132;56;0.57;4.54;4.54;0;9.01;76.17
10.04.2024 12:57:46;968;/usr/libexec/mariadbd --basedir=/usr;mariadbd;0.0;0;2.12;0.76;0.51; 0.00;8;36;0.23;0.00;1090696; 158140;7.90;132;56;0.57;4.54;4.54;0;9.01;76.16
10.04.2024 12:57:53;968;/usr/libexec/mariadbd --basedir=/usr;mariadbd;60.0;0;2.12;0.76;0.51; 0.00;29;40;0.23;0.00;1090696; 158140;7.90;132;56;0.57;4.54;4.54;0;9.03;76.19
10.04.2024 12:58:04;968;/usr/libexec/mariadbd --basedir=/usr;mariadbd;60.0;0;2.13;0.76;0.51; 0.00;30;43;0.23;0.00;1090696; 158140;7.90;132;56;0.57;4.56;4.56;0;9.11;76.24
10.04.2024 12:58:14;968;/usr/libexec/mariadbd --basedir=/usr;mariadbd;60.0;0;2.14;0.77;0.51; 0.00;30;42;0.23;0.00;1090696; 158140;7.90;132;56;0.57;4.58;4.58;0;9.20;76.28
10.04.2024 12:58:25;968;/usr/libexec/mariadbd --basedir=/usr;mariadbd;60.0;0;2.15;0.77;0.51; 0.00;30;40;0.23;0.00;1090696; 158140;7.90;132;56;0.57;4.61;4.61;0;9.29;76.32
10.04.2024 12:58:36;968;/usr/libexec/mariadbd --basedir=/usr;mariadbd;66.7;0;2.16;0.77;0.52; 0.00;30;41;0.23;0.00;1090696; 158140;7.90;132;56;0.57;4.63;4.63;0;9.38;76.37
10.04.2024 12:58:46;968;/usr/libexec/mariadbd --basedir=/usr;mariadbd;66.7;0;2.17;0.78;0.52; 0.00;30;42;0.23;0.00;1090696; 158140;7.90;132;56;0.57;4.65;4.65;0;9.47;76.41
10.04.2024 12:58:57;968;/usr/libexec/mariadbd --basedir=/usr;mariadbd;60.0;0;2.18;0.78;0.52; 0.00;35;41;0.24;0.00;1092196; 161764;8.08;132;56;0.57;4.67;4.67;0;9.50;76.73
10.04.2024 12:59:07;968;/usr/libexec/mariadbd --basedir=/usr;mariadbd;60.0;0;2.19;0.78;0.52; 0.00;35;40;0.24;0.00;1092196; 161764;8.08;132;56;0.57;4.69;4.69;0;9.49;77.13
10.04.2024 12:59:18;968;/usr/libexec/mariadbd --basedir=/usr;mariadbd;60.0;0;2.20;0.79;0.52; 0.00;35;41;0.24;0.00;1092196; 161764;8.08;132;56;0.57;4.71;4.71;0;9.49;77.54
10.04.2024 12:59:28;968;/usr/libexec/mariadbd --basedir=/usr;mariadbd;66.7;0;2.21;0.79;0.53; 0.00;34;41;0.24;0.00;1092196; 159784;7.99;132;56;0.57;4.73;4.73;0;9.49;77.94
10.04.2024 12:59:39;968;/usr/libexec/mariadbd --basedir=/usr;mariadbd;60.0;0;2.22;0.79;0.53; 0.00;34;41;0.24;0.00;1092196; 159784;7.99;132;56;0.57;4.75;4.75;0;9.49;78.36
10.04.2024 12:59:49;968;/usr/libexec/mariadbd --basedir=/usr;mariadbd;53.3;0;2.24;0.80;0.53; 0.00;34;40;0.24;0.00;1092196; 159784;7.99;132;56;0.57;4.78;4.78;0;9.49;78.77
10.04.2024 13:00:00;968;/usr/libexec/mariadbd --basedir=/usr;mariadbd;53.3;0;2.25;0.80;0.53; 0.00;34;41;0.24;0.00;1092196; 159784;7.99;132;56;0.57;4.80;4.80;0;9.49;79.17
10.04.2024 13:00:10;968;/usr/libexec/mariadbd --basedir=/usr;mariadbd;60.0;0;2.26;0.81;0.54; 0.00;34;41;0.24;0.00;1092196; 159784;7.99;132;56;0.57;4.82;4.82;0;9.49;79.57
10.04.2024 13:00:21;968;/usr/libexec/mariadbd --basedir=/usr;mariadbd;60.0;0;2.27;0.81;0.54; 0.00;34;41;0.24;0.00;1092196; 159784;7.99;132;56;0.57;4.84;4.84;0;9.49;79.97
10.04.2024 13:00:32;968;/usr/libexec/mariadbd --basedir=/usr;mariadbd;53.3;0;2.28;0.81;0.54; 0.00;34;40;0.24;0.00;1092196; 159784;7.99;132;56;0.57;4.86;4.86;0;9.49;80.38
10.04.2024 13:00:42;968;/usr/libexec/mariadbd --basedir=/usr;mariadbd;60.0;0;2.29;0.82;0.54; 0.00;34;40;0.24;0.00;1092196; 159784;7.99;132;56;0.57;4.88;4.88;0;9.48;80.78
10.04.2024 13:00:53;968;/usr/libexec/mariadbd --basedir=/usr;mariadbd;62.5;0;2.31;0.82;0.55; 0.00;34;41;0.24;0.00;1092196; 159784;7.99;132;56;0.57;4.90;4.90;0;9.48;81.18
10.04.2024 13:01:03;968;/usr/libexec/mariadbd --basedir=/usr;mariadbd;60.0;0;2.32;0.82;0.55; 0.00;34;40;0.24;0.00;1092196; 159784;7.99;132;56;0.57;4.92;4.92;0;9.48;81.58
10.04.2024 13:01:14;968;/usr/libexec/mariadbd --basedir=/usr;mariadbd;66.7;0;2.33;0.83;0.55; 0.00;34;40;0.24;0.00;1092196; 159784;7.99;132;56;0.57;4.94;4.94;0;9.48;81.98
10.04.2024 13:01:25;968;/usr/libexec/mariadbd --basedir=/usr;mariadbd;60.0;0;2.34;0.83;0.55; 0.00;34;42;0.24;0.00;1092196; 159784;7.99;132;56;0.57;4.96;4.96;0;9.48;82.38
10.04.2024 13:01:35;968;/usr/libexec/mariadbd --basedir=/usr;mariadbd;60.0;0;2.35;0.83;0.55; 0.00;34;41;0.24;0.00;1092196; 159784;7.99;132;56;0.57;4.98;4.98;0;9.48;82.78
10.04.2024 13:01:46;968;/usr/libexec/mariadbd --basedir=/usr;mariadbd;66.7;0;2.36;0.84;0.56; 0.00;34;40;0.24;0.00;1092196; 159784;7.99;132;56;0.57;5.00;5.00;0;9.48;83.18
10.04.2024 13:01:56;968;/usr/libexec/mariadbd --basedir=/usr;mariadbd;60.0;0;2.38;0.84;0.56; 0.00;34;40;0.24;0.00;1092196; 159784;7.99;132;56;0.57;5.02;5.02;0;9.48;83.59
10.04.2024 13:02:07;968;/usr/libexec/mariadbd --basedir=/usr;mariadbd;60.0;0;2.39;0.85;0.56; 0.00;34;42;0.24;0.00;1092196; 159784;7.99;132;56;0.57;5.04;5.04;0;9.48;83.99
10.04.2024 13:02:17;968;/usr/libexec/mariadbd --basedir=/usr;mariadbd;60.0;0;2.40;0.85;0.56; 0.00;34;41;0.24;0.00;1092196; 159784;7.99;132;56;0.57;5.06;5.06;0;9.47;84.39
10.04.2024 13:02:28;968;/usr/libexec/mariadbd --basedir=/usr;mariadbd;56.2;0;2.41;0.85;0.57; 0.00;34;38;0.24;0.00;1092196; 159784;7.99;132;56;0.57;5.08;5.08;0;9.47;84.78
10.04.2024 13:02:39;968;/usr/libexec/mariadbd --basedir=/usr;mariadbd;60.0;0;2.42;0.86;0.57; 0.00;36;39;0.24;0.00;1100392; 159784;7.99;132;56;0.57;5.10;5.10;0;9.47;85.18
10.04.2024 13:02:49;968;/usr/libexec/mariadbd --basedir=/usr;mariadbd;60.0;0;2.43;0.86;0.57; 0.00;36;41;0.24;0.00;1100392; 159784;7.99;132;56;0.57;5.12;5.12;0;9.47;85.58
10.04.2024 13:03:00;968;/usr/libexec/mariadbd --basedir=/usr;mariadbd;60.0;0;2.45;0.86;0.57; 0.00;36;42;0.24;0.00;1100392; 159784;7.99;132;56;0.57;5.15;5.15;0;9.47;85.97
10.04.2024 13:03:10;968;/usr/libexec/mariadbd --basedir=/usr;mariadbd;60.0;0;2.46;0.87;0.57; 0.00;36;41;0.24;0.00;1100392; 159784;7.99;132;56;0.57;5.17;5.17;0;9.47;86.37
10.04.2024 13:03:21;968;/usr/libexec/mariadbd --basedir=/usr;mariadbd;60.0;0;2.47;0.87;0.58; 0.00;36;39;0.24;0.00;1100392; 159784;7.99;132;56;0.57;5.19;5.19;0;9.47;86.77
10.04.2024 13:03:32;968;/usr/libexec/mariadbd --basedir=/usr;mariadbd;60.0;0;2.48;0.87;0.58; 0.00;36;40;0.24;0.00;1100392; 159784;7.99;132;56;0.57;5.21;5.21;0;9.47;87.16
10.04.2024 13:03:42;968;/usr/libexec/mariadbd --basedir=/usr;mariadbd;60.0;0;2.49;0.88;0.58; 0.00;34;38;0.24;0.00;1100392; 159788;7.99;132;56;0.57;5.23;5.23;0;9.46;87.56
10.04.2024 13:03:53;968;/usr/libexec/mariadbd --basedir=/usr;mariadbd;66.7;0;2.50;0.88;0.58; 0.00;34;40;0.24;0.00;1100392; 159788;7.99;132;56;0.57;5.25;5.25;0;9.46;87.96
10.04.2024 13:04:03;968;/usr/libexec/mariadbd --basedir=/usr;mariadbd;53.3;0;2.52;0.89;0.59; 0.00;34;40;0.24;0.00;1100392; 159788;7.99;132;56;0.57;5.27;5.27;0;9.46;88.36
10.04.2024 13:04:14;968;/usr/libexec/mariadbd --basedir=/usr;mariadbd;66.7;0;2.53;0.89;0.59; 0.00;34;41;0.24;0.00;1100392; 159788;7.99;132;56;0.56;5.29;5.29;0;9.46;88.76
10.04.2024 13:04:24;968;/usr/libexec/mariadbd --basedir=/usr;mariadbd;66.7;0;2.54;0.89;0.59; 0.00;34;41;0.24;0.00;1100392; 159788;7.99;132;56;0.56;5.31;5.31;0;9.46;89.15
10.04.2024 13:04:35;968;/usr/libexec/mariadbd --basedir=/usr;mariadbd;60.0;0;2.55;0.90;0.59; 0.00;34;40;0.24;0.00;1100392; 161768;8.09;132;56;0.56;5.33;5.33;0;9.46;89.55
10.04.2024 13:04:45;968;/usr/libexec/mariadbd --basedir=/usr;mariadbd;60.0;0;2.56;0.90;0.59; 0.00;34;40;0.24;0.00;1100392; 161768;8.09;132;56;0.56;5.35;5.35;0;9.46;89.95
10.04.2024 13:04:56;968;/usr/libexec/mariadbd --basedir=/usr;mariadbd;66.7;0;2.57;0.90;0.60; 0.00;34;41;0.24;0.00;1100392; 161768;8.09;132;56;0.56;5.37;5.37;0;9.46;90.35
10.04.2024 13:05:07;968;/usr/libexec/mariadbd --basedir=/usr;mariadbd;60.0;0;2.59;0.91;0.60; 0.00;34;41;0.24;0.00;1100392; 161768;8.09;132;56;0.56;5.39;5.39;0;9.46;90.75
10.04.2024 13:05:17;968;/usr/libexec/mariadbd --basedir=/usr;mariadbd;60.0;0;2.60;0.91;0.60; 0.00;34;41;0.24;0.00;1100392; 161768;8.09;132;56;0.56;5.41;5.41;0;9.45;91.15
10.04.2024 13:05:28;968;/usr/libexec/mariadbd --basedir=/usr;mariadbd;53.3;0;2.61;0.91;0.60; 0.00;34;40;0.24;0.00;1100392; 161768;8.09;132;56;0.56;5.43;5.43;0;9.45;91.55
10.04.2024 13:05:38;968;/usr/libexec/mariadbd --basedir=/usr;mariadbd;60.0;0;2.62;0.92;0.61; 0.00;34;40;0.24;0.00;1100392; 161768;8.09;132;56;0.56;5.45;5.45;0;9.45;91.94
10.04.2024 13:05:49;968;/usr/libexec/mariadbd --basedir=/usr;mariadbd;66.7;0;2.63;0.92;0.61; 0.00;34;41;0.24;0.00;1100392; 161768;8.09;132;56;0.56;5.47;5.47;0;9.45;92.34
10.04.2024 13:06:00;968;/usr/libexec/mariadbd --basedir=/usr;mariadbd;50.0;0;2.64;0.93;0.61; 0.00;34;41;0.24;0.00;1100392; 161768;8.09;132;56;0.56;5.49;5.49;0;9.45;92.73
10.04.2024 13:06:10;968;/usr/libexec/mariadbd --basedir=/usr;mariadbd;60.0;0;2.66;0.93;0.61; 0.00;34;40;0.24;0.00;1100392; 161768;8.09;132;56;0.56;5.51;5.51;0;9.45;93.13
10.04.2024 13:06:21;968;/usr/libexec/mariadbd --basedir=/usr;mariadbd;60.0;0;2.67;0.93;0.61; 0.00;34;41;0.24;0.00;1100392; 161768;8.09;132;56;0.56;5.53;5.53;0;9.45;93.53
10.04.2024 13:06:31;968;/usr/libexec/mariadbd --basedir=/usr;mariadbd;60.0;0;2.68;0.94;0.62; 0.00;34;41;0.24;0.00;1100392; 161768;8.09;132;56;0.56;5.55;5.55;0;9.45;93.93
10.04.2024 13:06:42;968;/usr/libexec/mariadbd --basedir=/usr;mariadbd;60.0;0;2.69;0.94;0.62; 0.00;34;41;0.24;0.00;1100392; 161768;8.09;132;56;0.56;5.57;5.57;0;9.45;94.33
10.04.2024 13:06:52;968;/usr/libexec/mariadbd --basedir=/usr;mariadbd;60.0;0;2.70;0.94;0.62; 0.00;34;41;0.24;0.00;1100392; 161768;8.09;132;56;0.56;5.59;5.59;0;9.44;94.73
10.04.2024 13:07:03;968;/usr/libexec/mariadbd --basedir=/usr;mariadbd;60.0;0;2.71;0.95;0.62; 0.00;34;39;0.24;0.00;1100392; 161768;8.09;132;56;0.56;5.61;5.61;0;9.44;95.13
10.04.2024 13:07:14;968;/usr/libexec/mariadbd --basedir=/usr;mariadbd;60.0;0;2.73;0.95;0.63; 0.00;34;41;0.24;0.00;1100392; 161768;8.09;132;56;0.56;5.63;5.63;0;9.44;95.52
10.04.2024 13:07:24;968;/usr/libexec/mariadbd --basedir=/usr;mariadbd;60.0;0;2.74;0.95;0.63; 0.00;34;41;0.24;0.00;1100392; 161768;8.09;132;56;0.56;5.65;5.65;0;9.44;95.92
10.04.2024 13:07:35;968;/usr/libexec/mariadbd --basedir=/usr;mariadbd;60.0;0;2.75;0.96;0.63; 0.00;34;41;0.24;0.00;1100392; 161768;8.09;132;56;0.56;5.67;5.67;0;9.44;96.32
10.04.2024 13:07:45;968;/usr/libexec/mariadbd --basedir=/usr;mariadbd;46.7;0;2.76;0.96;0.63; 0.00;34;39;0.24;0.00;1100392; 161768;8.09;132;56;0.56;5.70;5.70;0;9.44;96.72
10.04.2024 13:07:56;968;/usr/libexec/mariadbd --basedir=/usr;mariadbd;60.0;0;2.77;0.97;0.63; 0.00;34;40;0.24;0.00;1100392; 161768;8.09;132;56;0.56;5.72;5.72;0;9.44;97.11
10.04.2024 13:08:06;968;/usr/libexec/mariadbd --basedir=/usr;mariadbd;60.0;0;2.78;0.97;0.64; 0.00;34;41;0.24;0.00;1100392; 161768;8.09;132;56;0.56;5.74;5.74;0;9.44;97.51
10.04.2024 13:08:17;968;/usr/libexec/mariadbd --basedir=/usr;mariadbd;53.3;0;2.79;0.97;0.64; 0.00;34;39;0.24;0.00;1100392; 161768;8.09;132;56;0.56;5.76;5.76;0;9.44;97.90
10.04.2024 13:08:27;968;/usr/libexec/mariadbd --basedir=/usr;mariadbd;60.0;0;2.81;0.98;0.64; 0.00;34;42;0.24;0.00;1100392; 161768;8.09;132;56;0.56;5.78;5.78;0;9.43;98.30
10.04.2024 13:08:38;968;/usr/libexec/mariadbd --basedir=/usr;mariadbd;60.0;0;2.82;0.98;0.64; 0.00;34;41;0.24;0.00;1100392; 161768;8.09;132;56;0.56;5.80;5.80;0;9.43;98.70
10.04.2024 13:08:49;968;/usr/libexec/mariadbd --basedir=/usr;mariadbd;66.7;0;2.83;0.98;0.65; 0.00;34;41;0.24;0.00;1100392; 161768;8.09;132;56;0.56;5.82;5.82;0;9.43;99.09
10.04.2024 13:08:59;968;/usr/libexec/mariadbd --basedir=/usr;mariadbd;60.0;0;2.84;0.99;0.65; 0.00;34;42;0.24;0.00;1100392; 161768;8.09;132;56;0.56;5.84;5.84;0;9.43;99.49
10.04.2024 13:09:10;968;/usr/libexec/mariadbd --basedir=/usr;mariadbd;60.0;0;2.85;0.99;0.65; 0.00;34;41;0.24;0.00;1100392; 161768;8.09;132;56;0.56;5.86;5.86;0;9.43;99.89
10.04.2024 13:09:21;968;/usr/libexec/mariadbd --basedir=/usr;mariadbd;60.0;0;2.86;0.99;0.65; 0.00;34;42;0.24;0.00;1100392; 161768;8.09;132;56;0.56;5.88;5.88;0;9.43;100.28
10.04.2024 13:09:31;968;/usr/libexec/mariadbd --basedir=/usr;mariadbd;60.0;0;2.88;1.00;0.65; 0.00;34;42;0.24;0.00;1100392; 163816;8.19;132;56;0.56;5.90;5.90;0;9.43;100.68
10.04.2024 13:09:42;968;/usr/libexec/mariadbd --basedir=/usr;mariadbd;60.0;0;2.89;1.00;0.66; 0.00;34;40;0.24;0.00;1100392; 163816;8.19;132;56;0.56;5.92;5.92;0;9.43;101.08
10.04.2024 13:09:52;968;/usr/libexec/mariadbd --basedir=/usr;mariadbd;60.0;0;2.90;1.01;0.66; 0.00;34;38;0.24;0.00;1100392; 163816;8.19;132;56;0.56;5.94;5.94;0;9.43;101.48
10.04.2024 13:10:03;968;/usr/libexec/mariadbd --basedir=/usr;mariadbd;66.7;0;2.91;1.01;0.66; 0.00;34;42;0.24;0.00;1100392; 163816;8.19;132;56;0.56;5.96;5.96;0;9.42;101.87
10.04.2024 13:10:13;968;/usr/libexec/mariadbd --basedir=/usr;mariadbd;66.7;0;2.92;1.01;0.66; 0.00;34;39;0.24;0.00;1100392; 163816;8.19;132;56;0.56;5.98;5.98;0;9.42;102.27
10.04.2024 13:10:24;968;/usr/libexec/mariadbd --basedir=/usr;mariadbd;60.0;0;2.93;1.02;0.67; 0.00;34;40;0.24;0.00;1100392; 163816;8.19;132;56;0.56;6.00;6.00;0;9.42;102.67
10.04.2024 13:10:34;968;/usr/libexec/mariadbd --basedir=/usr;mariadbd;60.0;0;2.94;1.02;0.67; 0.00;34;41;0.24;0.00;1100392; 163816;8.19;132;56;0.56;6.02;6.02;0;9.42;103.07
10.04.2024 13:10:45;968;/usr/libexec/mariadbd --basedir=/usr;mariadbd;66.7;0;2.96;1.02;0.67; 0.00;34;40;0.24;0.00;1100392; 163816;8.19;132;56;0.56;6.04;6.04;0;9.42;103.47
10.04.2024 13:10:55;968;/usr/libexec/mariadbd --basedir=/usr;mariadbd;60.0;0;2.97;1.03;0.67; 0.00;34;41;0.24;0.00;1100392; 163816;8.19;132;56;0.56;6.06;6.06;0;9.42;103.86
10.04.2024 13:11:06;968;/usr/libexec/mariadbd --basedir=/usr;mariadbd;56.2;0;2.98;1.03;0.68; 0.00;34;38;0.24;0.00;1100392; 163816;8.19;132;56;0.56;6.08;6.08;0;9.42;104.26
10.04.2024 13:11:17;968;/usr/libexec/mariadbd --basedir=/usr;mariadbd;60.0;0;2.99;1.03;0.68; 0.00;34;41;0.24;0.00;1100392; 163816;8.19;132;56;0.56;6.10;6.10;0;9.42;104.65
10.04.2024 13:11:27;968;/usr/libexec/mariadbd --basedir=/usr;mariadbd;66.7;0;3.00;1.04;0.68; 0.00;34;40;0.24;0.00;1100392; 163816;8.19;132;56;0.56;6.12;6.12;0;9.42;105.05
10.04.2024 13:11:38;968;/usr/libexec/mariadbd --basedir=/usr;mariadbd;60.0;0;3.01;1.04;0.68; 0.00;34;41;0.24;0.00;1100392; 163816;8.19;132;56;0.56;6.14;6.14;0;9.41;105.45
10.04.2024 13:11:48;968;/usr/libexec/mariadbd --basedir=/usr;mariadbd;60.0;0;3.03;1.04;0.68; 0.00;35;40;0.24;0.00;1100392; 163816;8.19;132;56;0.56;6.16;6.16;0;9.41;105.85
10.04.2024 13:11:59;968;/usr/libexec/mariadbd --basedir=/usr;mariadbd;60.0;0;3.04;1.05;0.69; 0.00;35;40;0.24;0.00;1100392; 163816;8.19;132;56;0.56;6.18;6.18;0;9.41;106.24
10.04.2024 13:12:10;968;/usr/libexec/mariadbd --basedir=/usr;mariadbd;66.7;0;3.05;1.05;0.69; 0.00;35;42;0.24;0.00;1100392; 163816;8.19;132;56;0.56;6.20;6.20;0;9.41;106.64
10.04.2024 13:12:20;968;/usr/libexec/mariadbd --basedir=/usr;mariadbd;60.0;0;3.06;1.06;0.69; 0.00;35;41;0.24;0.00;1100392; 163816;8.19;132;56;0.56;6.22;6.22;0;9.41;107.03
10.04.2024 13:12:31;968;/usr/libexec/mariadbd --basedir=/usr;mariadbd;60.0;0;3.07;1.06;0.69; 0.00;35;40;0.24;0.00;1100392; 163816;8.19;132;56;0.56;6.24;6.24;0;9.41;107.43
10.04.2024 13:12:41;968;/usr/libexec/mariadbd --basedir=/usr;mariadbd;60.0;0;3.08;1.06;0.70; 0.00;35;41;0.24;0.00;1100392; 163816;8.19;132;56;0.56;6.26;6.26;0;9.41;107.83
10.04.2024 13:12:52;968;/usr/libexec/mariadbd --basedir=/usr;mariadbd;60.0;0;3.09;1.07;0.70; 0.00;34;40;0.24;0.00;1100392; 163816;8.19;132;56;0.56;6.28;6.28;0;9.41;108.23
10.04.2024 13:13:02;968;/usr/libexec/mariadbd --basedir=/usr;mariadbd;60.0;0;3.11;1.07;0.70; 0.00;34;40;0.24;0.00;1100392; 163816;8.19;132;56;0.56;6.31;6.31;0;9.41;108.62
10.04.2024 13:13:13;968;/usr/libexec/mariadbd --basedir=/usr;mariadbd;60.0;0;3.12;1.07;0.70; 0.00;34;42;0.24;0.00;1100392; 163816;8.19;132;56;0.56;6.33;6.33;0;9.41;109.02
10.04.2024 13:13:24;968;/usr/libexec/mariadbd --basedir=/usr;mariadbd;53.3;0;3.13;1.08;0.70; 0.00;35;40;0.24;0.00;1100392; 163816;8.19;132;56;0.56;6.35;6.35;0;9.40;109.41
10.04.2024 13:13:34;968;/usr/libexec/mariadbd --basedir=/usr;mariadbd;53.3;0;3.14;1.08;0.71; 0.00;35;40;0.24;0.00;1100392; 163816;8.19;132;56;0.56;6.37;6.37;0;9.40;109.81
10.04.2024 13:13:45;968;/usr/libexec/mariadbd --basedir=/usr;mariadbd;56.2;0;3.15;1.08;0.71; 0.00;35;41;0.24;0.00;1100392; 163816;8.19;132;56;0.56;6.39;6.39;0;9.40;110.20
10.04.2024 13:13:55;968;/usr/libexec/mariadbd --basedir=/usr;mariadbd;60.0;0;3.16;1.09;0.71; 0.00;35;41;0.24;0.00;1100392; 165864;8.29;132;56;0.56;6.41;6.41;0;9.40;110.60
10.04.2024 13:14:06;968;/usr/libexec/mariadbd --basedir=/usr;mariadbd;60.0;0;3.17;1.09;0.71; 0.00;35;41;0.24;0.00;1100392; 165864;8.29;132;56;0.56;6.43;6.43;0;9.40;111.00
10.04.2024 13:14:16;968;/usr/libexec/mariadbd --basedir=/usr;mariadbd;60.0;0;3.19;1.09;0.71; 0.00;35;40;0.24;0.00;1100392; 165864;8.29;132;56;0.56;6.45;6.45;0;9.40;111.39
10.04.2024 13:14:27;968;/usr/libexec/mariadbd --basedir=/usr;mariadbd;60.0;0;3.20;1.10;0.72; 0.00;34;42;0.24;0.00;1100392; 165864;8.29;132;56;0.56;6.47;6.47;0;9.40;111.79
10.04.2024 13:14:37;968;/usr/libexec/mariadbd --basedir=/usr;mariadbd;60.0;0;3.21;1.10;0.72; 0.00;34;40;0.24;0.00;1100392; 165864;8.29;132;56;0.56;6.49;6.49;0;9.40;112.18
10.04.2024 13:14:48;968;/usr/libexec/mariadbd --basedir=/usr;mariadbd;60.0;0;3.22;1.11;0.72; 0.00;34;38;0.24;0.00;1100392; 165864;8.29;132;56;0.56;6.51;6.51;0;9.40;112.58
10.04.2024 13:14:58;968;/usr/libexec/mariadbd --basedir=/usr;mariadbd;53.3;0;3.23;1.11;0.72; 0.00;34;39;0.24;0.00;1100392; 165864;8.29;132;56;0.56;6.53;6.53;0;9.40;112.97
10.04.2024 13:15:09;968;/usr/libexec/mariadbd --basedir=/usr;mariadbd;60.0;0;3.24;1.11;0.73; 0.00;34;42;0.24;0.00;1100392; 165864;8.29;132;56;0.56;6.55;6.55;0;9.39;113.36
10.04.2024 13:15:19;968;/usr/libexec/mariadbd --basedir=/usr;mariadbd;53.3;0;3.25;1.12;0.73; 0.00;35;39;0.24;0.00;1100392; 165864;8.29;132;56;0.56;6.57;6.57;0;9.39;113.75
10.04.2024 13:15:30;968;/usr/libexec/mariadbd --basedir=/usr;mariadbd;60.0;0;3.27;1.12;0.73; 0.00;35;40;0.24;0.00;1100392; 165864;8.29;132;56;0.56;6.59;6.59;0;9.39;114.14
10.04.2024 13:15:40;968;/usr/libexec/mariadbd --basedir=/usr;mariadbd;56.2;0;3.28;1.12;0.73; 0.00;35;39;0.24;0.00;1100392; 165864;8.29;132;56;0.56;6.61;6.61;0;9.39;114.54
10.04.2024 13:15:51;968;/usr/libexec/mariadbd --basedir=/usr;mariadbd;60.0;0;3.29;1.13;0.73; 0.00;35;39;0.24;0.00;1100392; 165864;8.29;132;56;0.56;6.63;6.63;0;9.39;114.93
10.04.2024 13:16:02;968;/usr/libexec/mariadbd --basedir=/usr;mariadbd;66.7;0;3.30;1.13;0.74; 0.00;35;40;0.24;0.00;1100392; 166128;8.30;132;56;0.56;6.65;6.65;0;9.39;115.33
10.04.2024 13:16:12;968;/usr/libexec/mariadbd --basedir=/usr;mariadbd;60.0;0;3.31;1.13;0.74; 0.00;35;39;0.24;0.00;1100392; 166128;8.30;132;56;0.56;6.67;6.67;0;9.39;115.73
10.04.2024 13:16:23;968;/usr/libexec/mariadbd --basedir=/usr;mariadbd;53.3;0;3.32;1.14;0.74; 0.00;34;41;0.24;0.00;1100392; 164108;8.20;132;56;0.56;6.69;6.69;0;9.39;116.12
10.04.2024 13:16:33;968;/usr/libexec/mariadbd --basedir=/usr;mariadbd;60.0;0;3.33;1.14;0.74; 0.00;34;42;0.24;0.00;1100392; 164108;8.20;132;56;0.56;6.71;6.71;0;9.39;116.52
10.04.2024 13:16:44;968;/usr/libexec/mariadbd --basedir=/usr;mariadbd;60.0;0;3.35;1.14;0.75; 0.00;34;39;0.24;0.00;1100392; 164108;8.20;132;56;0.56;6.73;6.73;0;9.39;116.91
10.04.2024 13:16:54;968;/usr/libexec/mariadbd --basedir=/usr;mariadbd;53.3;0;3.36;1.15;0.75; 0.00;34;41;0.24;0.00;1100392; 164108;8.20;132;56;0.56;6.75;6.75;0;9.38;117.31
10.04.2024 13:17:05;968;/usr/libexec/mariadbd --basedir=/usr;mariadbd;56.2;0;3.37;1.15;0.75; 0.00;34;40;0.24;0.00;1100392; 164108;8.20;132;56;0.56;6.77;6.77;0;9.38;117.70
10.04.2024 13:17:15;968;/usr/libexec/mariadbd --basedir=/usr;mariadbd;60.0;0;3.38;1.16;0.75; 0.00;34;42;0.24;0.00;1100392; 164108;8.20;132;56;0.56;6.79;6.79;0;9.38;118.10
10.04.2024 13:17:26;968;/usr/libexec/mariadbd --basedir=/usr;mariadbd;53.3;0;3.39;1.16;0.75; 0.00;34;42;0.24;0.00;1100392; 164108;8.20;132;56;0.56;6.81;6.81;0;9.38;118.49
10.04.2024 13:17:37;968;/usr/libexec/mariadbd --basedir=/usr;mariadbd;60.0;0;3.40;1.16;0.76; 0.00;34;40;0.24;0.00;1100392; 166156;8.30;132;56;0.56;6.83;6.83;0;9.38;118.88
10.04.2024 13:17:47;968;/usr/libexec/mariadbd --basedir=/usr;mariadbd;66.7;0;3.41;1.17;0.76; 0.00;34;41;0.24;0.00;1100392; 166156;8.30;132;56;0.56;6.85;6.85;0;9.38;119.27
10.04.2024 13:17:58;968;/usr/libexec/mariadbd --basedir=/usr;mariadbd;60.0;0;3.43;1.17;0.76; 0.00;34;40;0.24;0.00;1100392; 166156;8.30;132;56;0.56;6.87;6.87;0;9.38;119.67
10.04.2024 13:18:08;968;/usr/libexec/mariadbd --basedir=/usr;mariadbd;66.7;0;3.44;1.17;0.76; 0.00;34;41;0.24;0.00;1100392; 166156;8.30;132;56;0.56;6.89;6.89;0;9.38;120.06
10.04.2024 13:18:19;968;/usr/libexec/mariadbd --basedir=/usr;mariadbd;60.0;0;3.45;1.18;0.77; 0.00;34;40;0.24;0.00;1100392; 166156;8.30;132;56;0.56;6.91;6.91;0;9.38;120.45
10.04.2024 13:18:29;968;/usr/libexec/mariadbd --basedir=/usr;mariadbd;60.0;0;3.46;1.18;0.77; 0.00;34;41;0.24;0.00;1100392; 166156;8.30;132;56;0.56;6.93;6.93;0;9.38;120.84
10.04.2024 13:18:40;968;/usr/libexec/mariadbd --basedir=/usr;mariadbd;53.3;0;3.47;1.18;0.77; 0.00;34;42;0.24;0.00;1100392; 166156;8.30;132;56;0.56;6.95;6.95;0;9.38;121.23
10.04.2024 13:18:51;968;/usr/libexec/mariadbd --basedir=/usr;mariadbd;60.0;0;3.48;1.19;0.77; 0.00;34;41;0.24;0.00;1100392; 166156;8.30;132;56;0.56;6.97;6.97;0;9.38;121.63
10.04.2024 13:19:01;968;/usr/libexec/mariadbd --basedir=/usr;mariadbd;66.7;0;3.49;1.19;0.77; 0.00;34;41;0.24;0.00;1100392; 166156;8.30;132;56;0.56;6.99;6.99;0;9.38;122.02
10.04.2024 13:19:12;968;/usr/libexec/mariadbd --basedir=/usr;mariadbd;60.0;0;3.51;1.19;0.78; 0.00;34;42;0.24;0.00;1100392; 166156;8.30;132;56;0.56;7.01;7.01;0;9.37;122.41
10.04.2024 13:19:22;968;/usr/libexec/mariadbd --basedir=/usr;mariadbd;60.0;0;3.52;1.20;0.78; 0.00;34;40;0.24;0.00;1100392; 166156;8.30;132;56;0.56;7.03;7.03;0;9.37;122.81
10.04.2024 13:19:33;968;/usr/libexec/mariadbd --basedir=/usr;mariadbd;53.3;0;3.53;1.20;0.78; 0.00;34;39;0.24;0.00;1100392; 166156;8.30;132;56;0.56;7.05;7.05;0;9.37;123.20
10.04.2024 13:19:43;968;/usr/libexec/mariadbd --basedir=/usr;mariadbd;53.3;0;3.54;1.20;0.78; 0.00;34;41;0.24;0.00;1100392; 166156;8.30;132;56;0.56;7.07;7.07;0;9.37;123.60
10.04.2024 13:19:54;968;/usr/libexec/mariadbd --basedir=/usr;mariadbd;60.0;0;3.55;1.21;0.79; 0.00;34;40;0.24;0.00;1100392; 168180;8.41;132;56;0.56;7.09;7.09;0;9.37;123.99
10.04.2024 13:20:04;968;/usr/libexec/mariadbd --basedir=/usr;mariadbd;60.0;0;3.56;1.21;0.79; 0.00;34;40;0.24;0.00;1100392; 168180;8.41;132;56;0.56;7.11;7.11;0;9.37;124.38
10.04.2024 13:20:15;968;/usr/libexec/mariadbd --basedir=/usr;mariadbd;53.3;0;3.57;1.22;0.79; 0.00;34;41;0.24;0.00;1100392; 168180;8.41;132;56;0.56;7.13;7.13;0;9.37;124.77
10.04.2024 13:20:25;968;/usr/libexec/mariadbd --basedir=/usr;mariadbd;60.0;0;3.58;1.22;0.79; 0.00;34;41;0.24;0.00;1100392; 168180;8.41;132;56;0.56;7.15;7.15;0;9.37;125.16
10.04.2024 13:20:36;968;/usr/libexec/mariadbd --basedir=/usr;mariadbd;53.3;0;3.60;1.22;0.79; 0.00;34;40;0.24;0.00;1100392; 168180;8.41;132;56;0.56;7.17;7.17;0;9.37;125.56
10.04.2024 13:20:47;968;/usr/libexec/mariadbd --basedir=/usr;mariadbd;60.0;0;3.61;1.23;0.80; 0.00;34;39;0.24;0.00;1100392; 168180;8.41;132;56;0.56;7.19;7.19;0;9.37;125.95
10.04.2024 13:20:57;968;/usr/libexec/mariadbd --basedir=/usr;mariadbd;66.7;0;3.62;1.23;0.80; 0.00;34;41;0.24;0.00;1100392; 168180;8.41;132;56;0.56;7.21;7.21;0;9.37;126.34
10.04.2024 13:21:08;968;/usr/libexec/mariadbd --basedir=/usr;mariadbd;60.0;0;3.63;1.23;0.80; 0.00;34;41;0.24;0.00;1100392; 168180;8.41;132;56;0.56;7.23;7.23;0;9.37;126.73
10.04.2024 13:21:18;968;/usr/libexec/mariadbd --basedir=/usr;mariadbd;66.7;0;3.64;1.24;0.80; 0.00;34;41;0.24;0.00;1100392; 170228;8.51;132;56;0.56;7.25;7.25;0;9.37;127.12
10.04.2024 13:21:29;968;/usr/libexec/mariadbd --basedir=/usr;mariadbd;53.3;0;3.65;1.24;0.81; 0.00;34;40;0.24;0.00;1100392; 170228;8.51;132;56;0.56;7.27;7.27;0;9.36;127.51
10.04.2024 13:21:39;968;/usr/libexec/mariadbd --basedir=/usr;mariadbd;60.0;0;3.66;1.24;0.81; 0.00;34;39;0.24;0.00;1100392; 170228;8.51;132;56;0.56;7.29;7.29;0;9.36;127.90
10.04.2024 13:21:50;968;/usr/libexec/mariadbd --basedir=/usr;mariadbd;60.0;0;3.68;1.25;0.81; 0.00;34;39;0.24;0.00;1100392; 170228;8.51;132;56;0.56;7.31;7.31;0;9.36;128.29
10.04.2024 13:22:01;968;/usr/libexec/mariadbd --basedir=/usr;mariadbd;60.0;0;3.69;1.25;0.81; 0.00;34;41;0.24;0.00;1100392; 170228;8.51;132;56;0.56;7.33;7.33;0;9.36;128.68
10.04.2024 13:22:11;968;/usr/libexec/mariadbd --basedir=/usr;mariadbd;53.3;0;3.70;1.25;0.81; 0.00;34;41;0.24;0.00;1100392; 170228;8.51;132;56;0.56;7.35;7.35;0;9.36;129.08
10.04.2024 13:22:22;968;/usr/libexec/mariadbd --basedir=/usr;mariadbd;53.3;0;3.71;1.26;0.82; 0.00;34;41;0.24;0.00;1100392; 170228;8.51;132;56;0.56;7.37;7.37;0;9.36;129.47
10.04.2024 13:22:32;968;/usr/libexec/mariadbd --basedir=/usr;mariadbd;66.7;0;3.72;1.26;0.82; 0.00;34;41;0.24;0.00;1100392; 170228;8.51;132;56;0.56;7.39;7.39;0;9.36;129.86
10.04.2024 13:22:43;968;/usr/libexec/mariadbd --basedir=/usr;mariadbd;60.0;0;3.73;1.27;0.82; 0.00;34;41;0.24;0.00;1100392; 170228;8.51;132;56;0.56;7.41;7.41;0;9.36;130.25
10.04.2024 13:22:53;968;/usr/libexec/mariadbd --basedir=/usr;mariadbd;66.7;0;3.74;1.27;0.82; 0.00;34;38;0.24;0.00;1100392; 170228;8.51;132;56;0.56;7.43;7.43;0;9.36;130.64
10.04.2024 13:23:04;968;/usr/libexec/mariadbd --basedir=/usr;mariadbd;53.3;0;3.75;1.27;0.83; 0.00;34;40;0.24;0.00;1100392; 170228;8.51;132;56;0.56;7.45;7.45;0;9.36;131.03
10.04.2024 13:23:14;968;/usr/libexec/mariadbd --basedir=/usr;mariadbd;60.0;0;3.77;1.28;0.83; 0.00;34;41;0.24;0.00;1100392; 170228;8.51;132;56;0.56;7.47;7.47;0;9.36;131.42
10.04.2024 13:23:25;968;/usr/libexec/mariadbd --basedir=/usr;mariadbd;66.7;0;3.78;1.28;0.83; 0.00;34;40;0.24;0.00;1100392; 170228;8.51;132;56;0.56;7.49;7.49;0;9.36;131.81
10.04.2024 13:23:36;968;/usr/libexec/mariadbd --basedir=/usr;mariadbd;60.0;0;3.79;1.28;0.83; 0.00;34;41;0.24;0.00;1100392; 170228;8.51;132;56;0.56;7.51;7.51;0;9.36;132.20
10.04.2024 13:23:46;968;/usr/libexec/mariadbd --basedir=/usr;mariadbd;60.0;0;3.80;1.29;0.83; 0.00;34;40;0.24;0.00;1100392; 170228;8.51;132;56;0.56;7.53;7.53;0;9.35;132.59
10.04.2024 13:23:57;968;/usr/libexec/mariadbd --basedir=/usr;mariadbd;60.0;0;3.81;1.29;0.84; 0.00;34;39;0.24;0.00;1100392; 170228;8.51;132;56;0.56;7.55;7.55;0;9.35;132.99
10.04.2024 13:24:07;968;/usr/libexec/mariadbd --basedir=/usr;mariadbd;60.0;0;3.82;1.29;0.84; 0.00;34;42;0.24;0.00;1100392; 170228;8.51;132;56;0.56;7.57;7.57;0;9.35;133.39
10.04.2024 13:24:17;968;/usr/libexec/mariadbd --basedir=/usr;mariadbd;66.7;0;3.83;1.30;0.84; 0.00;34;40;0.24;0.00;1100392; 170228;8.51;132;56;0.56;7.59;7.59;0;9.35;133.78
10.04.2024 13:24:28;968;/usr/libexec/mariadbd --basedir=/usr;mariadbd;50.0;0;3.84;1.30;0.84; 0.00;34;42;0.24;0.00;1100392; 170228;8.51;132;56;0.56;7.61;7.61;0;9.35;134.16
10.04.2024 13:24:39;968;/usr/libexec/mariadbd --basedir=/usr;mariadbd;53.3;0;3.86;1.30;0.84; 0.00;34;41;0.24;0.00;1100392; 170228;8.51;132;56;0.56;7.63;7.63;0;9.35;134.55
10.04.2024 13:24:49;968;/usr/libexec/mariadbd --basedir=/usr;mariadbd;66.7;0;3.87;1.31;0.85; 0.00;34;38;0.24;0.00;1100392; 170228;8.51;132;56;0.56;7.65;7.65;0;9.35;134.94
10.04.2024 13:25:00;968;/usr/libexec/mariadbd --basedir=/usr;mariadbd;53.3;0;3.88;1.31;0.85; 0.00;34;41;0.24;0.00;1100392; 172276;8.61;132;56;0.56;7.67;7.67;0;9.35;135.34
10.04.2024 13:25:10;968;/usr/libexec/mariadbd --basedir=/usr;mariadbd;53.3;0;3.89;1.31;0.85; 0.00;34;41;0.24;0.00;1100392; 172276;8.61;132;56;0.56;7.69;7.69;0;9.35;135.72
10.04.2024 13:25:21;968;/usr/libexec/mariadbd --basedir=/usr;mariadbd;60.0;0;3.90;1.32;0.85; 0.00;34;40;0.24;0.00;1100392; 172276;8.61;132;56;0.56;7.71;7.71;0;9.35;136.11
10.04.2024 13:25:31;968;/usr/libexec/mariadbd --basedir=/usr;mariadbd;60.0;0;3.91;1.32;0.86; 0.00;34;41;0.24;0.00;1100392; 172276;8.61;132;56;0.56;7.73;7.73;0;9.35;136.51
10.04.2024 13:25:42;968;/usr/libexec/mariadbd --basedir=/usr;mariadbd;60.0;0;3.92;1.33;0.86; 0.00;34;40;0.24;0.00;1100392; 172276;8.61;132;56;0.56;7.75;7.75;0;9.35;136.90
10.04.2024 13:25:52;968;/usr/libexec/mariadbd --basedir=/usr;mariadbd;53.3;0;3.93;1.33;0.86; 0.00;34;40;0.24;0.00;1100392; 172276;8.61;132;56;0.56;7.77;7.77;0;9.35;137.29
10.04.2024 13:26:03;968;/usr/libexec/mariadbd --basedir=/usr;mariadbd;53.3;0;3.95;1.33;0.86; 0.00;34;40;0.24;0.00;1100392; 172276;8.61;132;56;0.56;7.79;7.79;0;9.34;137.67
10.04.2024 13:26:13;968;/usr/libexec/mariadbd --basedir=/usr;mariadbd;60.0;0;3.96;1.34;0.86; 0.00;34;40;0.24;0.00;1100392; 172276;8.61;132;56;0.56;7.81;7.81;0;9.34;138.06
10.04.2024 13:26:24;968;/usr/libexec/mariadbd --basedir=/usr;mariadbd;66.7;0;3.97;1.34;0.87; 0.00;34;40;0.24;0.00;1100392; 172276;8.61;132;56;0.56;7.83;7.83;0;9.34;138.45
10.04.2024 13:26:35;968;/usr/libexec/mariadbd --basedir=/usr;mariadbd;60.0;0;3.98;1.34;0.87; 0.00;34;37;0.24;0.00;1100392; 172276;8.61;132;56;0.56;7.85;7.85;0;9.34;138.84
10.04.2024 13:26:45;968;/usr/libexec/mariadbd --basedir=/usr;mariadbd;60.0;0;3.99;1.35;0.87; 0.00;34;41;0.24;0.00;1100392; 172276;8.61;132;56;0.56;7.87;7.87;0;9.34;139.23
10.04.2024 13:26:56;968;/usr/libexec/mariadbd --basedir=/usr;mariadbd;60.0;0;4.00;1.35;0.87; 0.00;34;39;0.24;0.00;1100392; 172276;8.61;132;56;0.56;7.89;7.89;0;9.34;139.62
10.04.2024 13:27:06;968;/usr/libexec/mariadbd --basedir=/usr;mariadbd;60.0;0;4.01;1.35;0.88; 0.00;34;40;0.24;0.00;1100392; 172276;8.61;132;56;0.56;8.51;8.51;0;9.34;140.00
10.04.2024 13:27:17;968;/usr/libexec/mariadbd --basedir=/usr;mariadbd;56.2;0;4.02;1.36;0.88; 0.00;34;40;0.24;0.00;1100392; 172276;8.61;132;56;0.56;8.53;8.53;0;9.34;140.39
10.04.2024 13:27:27;968;/usr/libexec/mariadbd --basedir=/usr;mariadbd;66.7;0;4.04;1.36;0.88; 0.00;34;41;0.24;0.00;1100392; 172276;8.61;132;56;0.56;8.55;8.55;0;9.34;140.78
10.04.2024 13:27:38;968;/usr/libexec/mariadbd --basedir=/usr;mariadbd;66.7;0;4.05;1.36;0.88; 0.00;34;40;0.24;0.00;1100392; 172276;8.61;132;56;0.56;8.56;8.56;0;9.34;141.16
10.04.2024 13:27:48;968;/usr/libexec/mariadbd --basedir=/usr;mariadbd;66.7;0;4.06;1.37;0.88; 0.00;34;40;0.24;0.00;1100392; 172276;8.61;132;56;0.56;8.58;8.58;0;9.34;141.55
10.04.2024 13:27:59;968;/usr/libexec/mariadbd --basedir=/usr;mariadbd;53.3;0;4.07;1.37;0.89; 0.00;34;40;0.24;0.00;1100392; 172276;8.61;132;56;0.56;8.60;8.60;0;9.34;141.94
10.04.2024 13:28:09;968;/usr/libexec/mariadbd --basedir=/usr;mariadbd;60.0;0;4.08;1.37;0.89; 0.00;34;42;0.24;0.00;1100392; 172276;8.61;132;56;0.56;8.62;8.62;0;9.34;142.33
10.04.2024 13:28:20;968;/usr/libexec/mariadbd --basedir=/usr;mariadbd;53.3;0;4.09;1.38;0.89; 0.00;34;40;0.24;0.00;1100392; 172276;8.61;132;56;0.56;8.64;8.64;0;9.34;142.72
10.04.2024 13:28:31;968;/usr/libexec/mariadbd --basedir=/usr;mariadbd;53.3;0;4.10;1.38;0.89; 0.00;34;40;0.24;0.00;1100392; 172276;8.61;132;56;0.56;8.66;8.66;0;9.34;143.10
10.04.2024 13:28:41;968;/usr/libexec/mariadbd --basedir=/usr;mariadbd;66.7;0;4.11;1.39;0.89; 0.00;34;41;0.24;0.00;1100392; 172276;8.61;132;56;0.56;8.68;8.68;0;9.34;143.49
10.04.2024 13:28:52;968;/usr/libexec/mariadbd --basedir=/usr;mariadbd;53.3;0;4.13;1.39;0.90; 0.00;34;41;0.24;0.00;1100392; 172276;8.61;132;56;0.56;8.70;8.70;0;9.34;143.88
10.04.2024 13:29:02;968;/usr/libexec/mariadbd --basedir=/usr;mariadbd;60.0;0;4.14;1.39;0.90; 0.00;34;40;0.24;0.00;1100392; 172276;8.61;132;56;0.56;8.72;8.72;0;9.34;144.26
10.04.2024 13:29:13;968;/usr/libexec/mariadbd --basedir=/usr;mariadbd;60.0;0;4.15;1.40;0.90; 0.00;34;40;0.24;0.00;1100392; 172276;8.61;132;56;0.56;8.74;8.74;0;9.33;144.65
10.04.2024 13:29:23;968;/usr/libexec/mariadbd --basedir=/usr;mariadbd;46.7;0;4.16;1.40;0.90; 0.00;34;40;0.24;0.00;1100392; 172276;8.61;132;56;0.56;8.76;8.76;0;9.33;145.04
10.04.2024 13:29:34;968;/usr/libexec/mariadbd --basedir=/usr;mariadbd;53.3;0;4.17;1.40;0.91; 0.00;36;40;0.24;0.00;1100392; 172276;8.61;132;56;0.56;8.78;8.78;0;9.33;145.42
10.04.2024 13:29:44;968;/usr/libexec/mariadbd --basedir=/usr;mariadbd;53.3;0;4.18;1.41;0.91; 0.00;36;39;0.24;0.00;1100392; 172276;8.61;132;56;0.56;8.80;8.80;0;9.33;145.81
10.04.2024 13:29:55;968;/usr/libexec/mariadbd --basedir=/usr;mariadbd;66.7;0;4.19;1.41;0.91; 0.00;36;39;0.24;0.00;1100392; 172276;8.61;132;56;0.56;8.82;8.82;0;9.33;146.20
10.04.2024 13:30:05;968;/usr/libexec/mariadbd --basedir=/usr;mariadbd;60.0;0;4.20;1.41;0.91; 0.00;36;41;0.24;0.00;1100392; 172276;8.61;132;56;0.56;8.84;8.84;0;9.33;146.59
10.04.2024 13:30:16;968;/usr/libexec/mariadbd --basedir=/usr;mariadbd;60.0;0;4.21;1.42;0.91; 0.00;36;40;0.24;0.00;1100392; 172276;8.61;132;56;0.55;8.86;8.86;0;9.33;146.97
10.04.2024 13:30:27;968;/usr/libexec/mariadbd --basedir=/usr;mariadbd;60.0;0;4.23;1.42;0.92; 0.00;36;40;0.24;0.00;1100392; 172276;8.61;132;56;0.55;8.88;8.88;0;9.33;147.36
10.04.2024 13:30:37;968;/usr/libexec/mariadbd --basedir=/usr;mariadbd;60.0;0;4.24;1.42;0.92; 0.00;34;41;0.24;0.00;1100392; 170252;8.51;132;56;0.55;8.90;8.90;0;9.33;147.74
10.04.2024 13:30:48;968;/usr/libexec/mariadbd --basedir=/usr;mariadbd;53.3;0;4.25;1.43;0.92; 0.00;34;40;0.24;0.00;1100392; 172300;8.61;132;56;0.55;8.92;8.92;0;9.33;148.13
10.04.2024 13:30:58;968;/usr/libexec/mariadbd --basedir=/usr;mariadbd;60.0;0;4.26;1.43;0.92; 0.00;34;38;0.24;0.00;1100392; 172300;8.61;132;56;0.55;8.94;8.94;0;9.33;148.51
10.04.2024 13:31:09;968;/usr/libexec/mariadbd --basedir=/usr;mariadbd;60.0;0;4.27;1.43;0.92; 0.00;34;42;0.24;0.00;1100392; 172300;8.61;132;56;0.55;8.96;8.96;0;9.33;148.89
10.04.2024 13:31:19;968;/usr/libexec/mariadbd --basedir=/usr;mariadbd;60.0;0;4.28;1.44;0.93; 0.00;34;39;0.24;0.00;1100392; 172300;8.61;132;56;0.55;8.98;8.98;0;9.33;149.28
10.04.2024 13:31:30;968;/usr/libexec/mariadbd --basedir=/usr;mariadbd;66.7;0;4.29;1.44;0.93; 0.00;35;40;0.24;0.00;1100392; 172300;8.61;132;56;0.55;9.00;9.00;0;9.33;149.66
10.04.2024 13:31:41;968;/usr/libexec/mariadbd --basedir=/usr;mariadbd;60.0;0;4.30;1.44;0.93; 0.00;35;39;0.24;0.00;1100392; 172300;8.61;132;56;0.55;9.02;9.02;0;9.33;150.04
10.04.2024 13:31:51;968;/usr/libexec/mariadbd --basedir=/usr;mariadbd;60.0;0;4.32;1.45;0.93; 0.00;35;40;0.24;0.00;1100392; 172300;8.61;132;56;0.55;9.04;9.04;0;9.32;150.43
10.04.2024 13:32:02;968;/usr/libexec/mariadbd --basedir=/usr;mariadbd;60.0;0;4.33;1.45;0.94; 0.00;35;41;0.24;0.00;1100392; 172300;8.61;132;56;0.55;9.06;9.06;0;9.32;150.81
10.04.2024 13:32:12;968;/usr/libexec/mariadbd --basedir=/usr;mariadbd;60.0;0;4.34;1.46;0.94; 0.00;35;37;0.24;0.00;1100392; 172300;8.61;132;56;0.55;9.08;9.08;0;9.32;151.19
10.04.2024 13:32:23;968;/usr/libexec/mariadbd --basedir=/usr;mariadbd;66.7;0;4.35;1.46;0.94; 0.00;35;40;0.24;0.00;1100392; 172300;8.61;132;56;0.55;9.10;9.10;0;9.32;151.57
10.04.2024 13:32:34;968;/usr/libexec/mariadbd --basedir=/usr;mariadbd;66.7;0;4.36;1.46;0.94; 0.00;34;42;0.24;0.00;1100392; 172300;8.61;132;56;0.55;9.12;9.12;0;9.32;151.95
10.04.2024 13:32:44;968;/usr/libexec/mariadbd --basedir=/usr;mariadbd;56.2;0;4.37;1.47;0.94; 0.00;34;42;0.24;0.00;1100392; 172300;8.61;132;56;0.55;9.13;9.13;0;9.32;152.33
10.04.2024 13:32:55;968;/usr/libexec/mariadbd --basedir=/usr;mariadbd;53.3;0;4.38;1.47;0.95; 0.00;34;40;0.24;0.00;1100392; 172300;8.61;132;56;0.55;9.15;9.15;0;9.32;152.71
10.04.2024 13:33:05;968;/usr/libexec/mariadbd --basedir=/usr;mariadbd;53.3;0;4.39;1.47;0.95; 0.00;34;40;0.24;0.00;1100392; 172300;8.61;132;56;0.55;9.17;9.17;0;9.32;153.09
10.04.2024 13:33:16;968;/usr/libexec/mariadbd --basedir=/usr;mariadbd;60.0;0;4.40;1.48;0.95; 0.00;34;42;0.24;0.00;1100392; 172300;8.61;132;56;0.55;9.19;9.19;0;9.32;153.47
10.04.2024 13:33:26;968;/usr/libexec/mariadbd --basedir=/usr;mariadbd;60.0;0;4.42;1.48;0.95; 0.00;34;41;0.24;0.00;1100392; 172300;8.61;132;56;0.55;9.21;9.21;0;9.32;153.85
10.04.2024 13:33:37;968;/usr/libexec/mariadbd --basedir=/usr;mariadbd;60.0;0;4.43;1.48;0.96; 0.00;34;40;0.24;0.00;1100392; 172300;8.61;132;56;0.55;9.23;9.23;0;9.32;154.23
10.04.2024 13:33:47;968;/usr/libexec/mariadbd --basedir=/usr;mariadbd;66.7;0;4.44;1.49;0.96; 0.00;34;42;0.24;0.00;1100392; 172300;8.61;132;56;0.55;9.25;9.25;0;9.32;154.62
10.04.2024 13:33:58;968;/usr/libexec/mariadbd --basedir=/usr;mariadbd;60.0;0;4.45;1.49;0.96; 0.00;34;39;0.24;0.00;1100392; 172300;8.61;132;56;0.55;9.27;9.27;0;9.32;155.00
10.04.2024 13:34:09;968;/usr/libexec/mariadbd --basedir=/usr;mariadbd;60.0;0;4.46;1.49;0.96; 0.00;34;39;0.24;0.00;1100392; 172300;8.61;132;56;0.55;9.29;9.29;0;9.32;155.38
10.04.2024 13:34:19;968;/usr/libexec/mariadbd --basedir=/usr;mariadbd;50.0;0;4.47;1.50;0.96; 0.00;34;41;0.24;0.00;1100392; 172300;8.61;132;56;0.55;9.31;9.31;0;9.32;155.77
10.04.2024 13:34:30;968;/usr/libexec/mariadbd --basedir=/usr;mariadbd;62.5;0;4.48;1.50;0.97; 0.00;34;40;0.24;0.00;1100392; 174348;8.71;132;56;0.55;9.33;9.33;0;9.32;156.15
10.04.2024 13:34:40;968;/usr/libexec/mariadbd --basedir=/usr;mariadbd;50.0;0;4.49;1.50;0.97; 0.00;34;40;0.24;0.00;1100392; 174348;8.71;132;56;0.55;9.35;9.35;0;9.32;156.54
10.04.2024 13:34:51;968;/usr/libexec/mariadbd --basedir=/usr;mariadbd;60.0;0;4.50;1.51;0.97; 0.00;34;41;0.24;0.00;1100392; 174348;8.71;132;56;0.55;9.37;9.37;0;9.32;156.92
10.04.2024 13:35:01;968;/usr/libexec/mariadbd --basedir=/usr;mariadbd;66.7;0;4.52;1.51;0.97; 0.00;34;40;0.24;0.00;1100392; 174348;8.71;132;56;0.55;9.39;9.39;0;9.31;157.30
10.04.2024 13:35:12;968;/usr/libexec/mariadbd --basedir=/usr;mariadbd;53.3;0;4.53;1.51;0.97; 0.00;34;39;0.24;0.00;1100392; 174348;8.71;132;56;0.55;9.41;9.41;0;9.31;157.69
10.04.2024 13:35:23;968;/usr/libexec/mariadbd --basedir=/usr;mariadbd;53.3;0;4.54;1.52;0.98; 0.00;34;42;0.24;0.00;1100392; 174348;8.71;132;56;0.55;9.43;9.43;0;9.31;158.07
10.04.2024 13:35:33;968;/usr/libexec/mariadbd --basedir=/usr;mariadbd;60.0;0;4.55;1.52;0.98; 0.00;34;42;0.24;0.00;1100392; 174348;8.71;132;56;0.55;9.45;9.45;0;9.31;158.45
10.04.2024 13:35:44;968;/usr/libexec/mariadbd --basedir=/usr;mariadbd;53.3;0;4.56;1.52;0.98; 0.00;34;40;0.24;0.00;1100392; 174348;8.71;132;56;0.55;9.47;9.47;0;9.31;158.83
10.04.2024 13:35:54;968;/usr/libexec/mariadbd --basedir=/usr;mariadbd;60.0;0;4.57;1.53;0.98; 0.00;34;39;0.24;0.00;1100392; 176372;8.82;132;56;0.55;9.49;9.49;0;9.31;159.21
10.04.2024 13:36:05;968;/usr/libexec/mariadbd --basedir=/usr;mariadbd;66.7;0;4.58;1.53;0.99; 0.00;34;39;0.24;0.00;1100392; 176372;8.82;132;56;0.55;9.51;9.51;0;9.31;159.59
10.04.2024 13:36:15;968;/usr/libexec/mariadbd --basedir=/usr;mariadbd;53.3;0;4.59;1.53;0.99; 0.00;34;41;0.24;0.00;1100392; 176372;8.82;132;56;0.55;9.52;9.52;0;9.31;159.97
10.04.2024 13:36:26;968;/usr/libexec/mariadbd --basedir=/usr;mariadbd;53.3;0;4.61;1.54;0.99; 0.00;34;42;0.24;0.00;1100392; 176372;8.82;132;56;0.55;9.54;9.54;0;9.31;160.35
10.04.2024 13:36:37;968;/usr/libexec/mariadbd --basedir=/usr;mariadbd;60.0;0;4.62;1.54;0.99; 0.00;34;39;0.24;0.00;1100392; 176372;8.82;132;56;0.55;9.56;9.56;0;9.31;160.73
10.04.2024 13:36:47;968;/usr/libexec/mariadbd --basedir=/usr;mariadbd;66.7;0;4.63;1.55;0.99; 0.00;34;40;0.24;0.00;1100392; 176372;8.82;132;56;0.55;9.58;9.58;0;9.31;161.12
10.04.2024 13:36:58;968;/usr/libexec/mariadbd --basedir=/usr;mariadbd;60.0;0;4.64;1.55;1.00; 0.00;36;40;0.24;0.00;1100392; 176372;8.82;132;56;0.55;9.60;9.60;0;9.31;161.50
10.04.2024 13:37:08;968;/usr/libexec/mariadbd --basedir=/usr;mariadbd;60.0;0;4.65;1.55;1.00; 0.00;36;40;0.24;0.00;1100392; 176372;8.82;132;56;0.55;9.62;9.62;0;9.31;161.87
10.04.2024 13:37:19;968;/usr/libexec/mariadbd --basedir=/usr;mariadbd;66.7;0;4.66;1.56;1.00; 0.00;36;39;0.24;0.00;1100392; 176372;8.82;132;56;0.55;9.64;9.64;0;9.30;162.26
10.04.2024 13:37:29;968;/usr/libexec/mariadbd --basedir=/usr;mariadbd;60.0;0;4.67;1.56;1.00; 0.00;36;40;0.24;0.00;1100392; 176372;8.82;132;56;0.55;9.66;9.66;0;9.30;162.64
10.04.2024 13:37:40;968;/usr/libexec/mariadbd --basedir=/usr;mariadbd;66.7;0;4.68;1.56;1.01; 0.00;36;40;0.24;0.00;1100392; 176372;8.82;132;56;0.55;9.68;9.68;0;9.30;163.03
10.04.2024 13:37:50;968;/usr/libexec/mariadbd --basedir=/usr;mariadbd;53.3;0;4.69;1.57;1.01; 0.00;36;41;0.24;0.00;1100392; 176372;8.82;132;56;0.55;9.70;9.70;0;9.30;163.41
10.04.2024 13:38:01;968;/usr/libexec/mariadbd --basedir=/usr;mariadbd;60.0;0;4.70;1.57;1.01; 0.00;35;40;0.24;0.00;1100392; 176376;8.82;132;56;0.55;9.72;9.72;0;9.30;163.79
10.04.2024 13:38:11;968;/usr/libexec/mariadbd --basedir=/usr;mariadbd;56.2;0;4.72;1.57;1.01; 0.00;35;41;0.24;0.00;1100392; 178424;8.92;132;56;0.55;9.74;9.74;0;9.30;164.17
10.04.2024 13:38:22;968;/usr/libexec/mariadbd --basedir=/usr;mariadbd;66.7;0;4.73;1.58;1.01; 0.00;35;40;0.24;0.00;1100392; 178424;8.92;132;56;0.55;9.76;9.76;0;9.30;164.55
10.04.2024 13:38:32;968;/usr/libexec/mariadbd --basedir=/usr;mariadbd;53.3;0;4.74;1.58;1.02; 0.00;35;41;0.24;0.00;1100392; 178424;8.92;132;56;0.55;9.78;9.78;0;9.30;164.93
10.04.2024 13:38:43;968;/usr/libexec/mariadbd --basedir=/usr;mariadbd;60.0;0;4.75;1.58;1.02; 0.00;34;41;0.24;0.00;1100392; 178424;8.92;132;56;0.55;9.80;9.80;0;9.30;165.31
10.04.2024 13:38:54;968;/usr/libexec/mariadbd --basedir=/usr;mariadbd;60.0;0;4.76;1.59;1.02; 0.00;34;40;0.24;0.00;1100392; 178424;8.92;132;56;0.55;9.82;9.82;0;9.30;165.70
10.04.2024 13:39:04;968;/usr/libexec/mariadbd --basedir=/usr;mariadbd;53.3;0;4.77;1.59;1.02; 0.00;34;39;0.24;0.00;1100392; 178424;8.92;132;56;0.55;9.84;9.84;0;9.30;166.07
10.04.2024 13:39:15;968;/usr/libexec/mariadbd --basedir=/usr;mariadbd;60.0;0;4.78;1.59;1.02; 0.00;34;39;0.24;0.00;1100392; 178424;8.92;132;56;0.55;9.86;9.86;0;9.30;166.45
10.04.2024 13:39:25;968;/usr/libexec/mariadbd --basedir=/usr;mariadbd;60.0;0;4.79;1.60;1.03; 0.00;34;40;0.24;0.00;1100392; 178424;8.92;132;56;0.55;9.88;9.88;0;9.30;166.83
10.04.2024 13:39:36;968;/usr/libexec/mariadbd --basedir=/usr;mariadbd;60.0;0;4.80;1.60;1.03; 0.00;34;40;0.24;0.00;1100392; 178424;8.92;132;56;0.55;9.89;9.89;0;9.30;167.22
10.04.2024 13:39:47;968;/usr/libexec/mariadbd --basedir=/usr;mariadbd;20.0;0;4.82;1.60;1.03; 0.00;34;36;0.24;0.00;1100392; 178424;8.92;132;56;0.55;9.91;9.91;0;9.30;167.59
10.04.2024 13:39:55;968;/usr/libexec/mariadbd --basedir=/usr;mariadbd;53.3;0;4.82;1.61;1.03; 0.00;34;38;0.24;0.00;1100392; 178424;8.92;132;56;0.55;9.93;9.93;0;9.30;167.86
10.04.2024 13:40:06;968;/usr/libexec/mariadbd --basedir=/usr;mariadbd;60.0;0;4.83;1.61;1.03; 0.00;34;38;0.24;0.00;1100392; 178424;8.92;132;56;0.55;9.95;9.95;0;9.30;168.23
10.04.2024 13:40:16;968;/usr/libexec/mariadbd --basedir=/usr;mariadbd;60.0;0;4.84;1.61;1.04; 0.00;34;40;0.24;0.00;1100392; 178424;8.92;132;56;0.55;9.97;9.97;0;9.30;168.61
10.04.2024 13:40:27;968;/usr/libexec/mariadbd --basedir=/usr;mariadbd;60.0;0;4.86;1.62;1.04; 0.00;34;40;0.24;0.00;1100392; 178424;8.92;132;56;0.55;9.99;9.99;0;9.30;168.99
10.04.2024 13:40:37;968;/usr/libexec/mariadbd --basedir=/usr;mariadbd;60.0;0;4.87;1.62;1.04; 0.00;34;41;0.24;0.00;1100392; 178424;8.92;132;56;0.55;10.00;10.00;0;9.30;169.37
10.04.2024 13:40:48;968;/usr/libexec/mariadbd --basedir=/usr;mariadbd;60.0;0;4.88;1.62;1.04; 0.00;34;40;0.24;0.00;1100392; 178424;8.92;132;56;0.55;10.02;10.02;0;9.29;169.75
10.04.2024 13:40:58;968;/usr/libexec/mariadbd --basedir=/usr;mariadbd;60.0;0;4.89;1.63;1.05; 0.00;34;41;0.24;0.00;1100392; 178424;8.92;132;56;0.55;10.04;10.04;0;9.29;170.13
10.04.2024 13:41:09;968;/usr/libexec/mariadbd --basedir=/usr;mariadbd;66.7;0;4.90;1.63;1.05; 0.00;34;39;0.24;0.00;1100392; 178424;8.92;132;56;0.55;10.06;10.06;0;9.29;170.51
10.04.2024 13:41:19;968;/usr/libexec/mariadbd --basedir=/usr;mariadbd;53.3;0;4.91;1.63;1.05; 0.00;34;40;0.24;0.00;1100392; 178424;8.92;132;56;0.55;10.08;10.08;0;9.29;170.89
10.04.2024 13:41:30;968;/usr/libexec/mariadbd --basedir=/usr;mariadbd;60.0;0;4.92;1.64;1.05; 0.00;34;41;0.24;0.00;1100392; 178424;8.92;132;56;0.55;10.10;10.10;0;9.29;171.27
10.04.2024 13:41:40;968;/usr/libexec/mariadbd --basedir=/usr;mariadbd;60.0;0;4.93;1.64;1.05; 0.00;34;40;0.24;0.00;1100392; 178424;8.92;132;56;0.55;10.12;10.12;0;9.29;171.66
10.04.2024 13:41:51;968;/usr/libexec/mariadbd --basedir=/usr;mariadbd;66.7;0;4.94;1.64;1.06; 0.00;34;42;0.24;0.00;1100392; 178424;8.92;132;56;0.55;10.14;10.14;0;9.29;172.04
10.04.2024 13:42:02;968;/usr/libexec/mariadbd --basedir=/usr;mariadbd;66.7;0;4.95;1.65;1.06; 0.00;34;40;0.24;0.00;1100392; 180472;9.02;132;56;0.55;10.16;10.16;0;9.29;172.42
10.04.2024 13:42:12;968;/usr/libexec/mariadbd --basedir=/usr;mariadbd;60.0;0;4.97;1.65;1.06; 0.00;34;40;0.24;0.00;1100392; 180472;9.02;132;56;0.55;10.18;10.18;0;9.29;172.79
10.04.2024 13:42:23;968;/usr/libexec/mariadbd --basedir=/usr;mariadbd;60.0;0;4.98;1.65;1.06; 0.00;35;41;0.24;0.00;1100392; 180472;9.02;132;56;0.55;10.20;10.20;0;9.29;173.17
10.04.2024 13:42:33;968;/usr/libexec/mariadbd --basedir=/usr;mariadbd;60.0;0;4.99;1.66;1.06; 0.00;35;39;0.24;0.00;1100392; 180472;9.02;132;56;0.55;10.22;10.22;0;9.29;173.55
10.04.2024 13:42:44;968;/usr/libexec/mariadbd --basedir=/usr;mariadbd;53.3;0;5.00;1.66;1.07; 0.00;35;39;0.24;0.00;1100392; 180472;9.02;132;56;0.55;10.24;10.24;0;9.29;173.93
10.04.2024 13:42:54;968;/usr/libexec/mariadbd --basedir=/usr;mariadbd;60.0;0;5.01;1.67;1.07; 0.00;35;41;0.24;0.00;1100392; 180472;9.02;132;56;0.55;10.26;10.26;0;9.29;174.31
10.04.2024 13:43:05;968;/usr/libexec/mariadbd --basedir=/usr;mariadbd;60.0;0;5.02;1.67;1.07; 0.00;35;40;0.24;0.00;1100392; 180472;9.02;132;56;0.55;10.28;10.28;0;9.29;174.68
10.04.2024 13:43:16;968;/usr/libexec/mariadbd --basedir=/usr;mariadbd;60.0;0;5.03;1.67;1.07; 0.00;34;41;0.24;0.00;1100392; 180472;9.02;132;56;0.55;10.30;10.30;0;9.28;175.06
10.04.2024 13:43:26;968;/usr/libexec/mariadbd --basedir=/usr;mariadbd;53.3;0;5.04;1.68;1.08; 0.00;34;39;0.24;0.00;1100392; 180472;9.02;132;56;0.55;10.31;10.31;0;9.28;175.43
10.04.2024 13:43:37;968;/usr/libexec/mariadbd --basedir=/usr;mariadbd;60.0;0;5.05;1.68;1.08; 0.00;34;40;0.24;0.00;1100392; 180472;9.02;132;56;0.55;10.33;10.33;0;9.28;175.80
10.04.2024 13:43:47;968;/usr/libexec/mariadbd --basedir=/usr;mariadbd;60.0;0;5.06;1.68;1.08; 0.00;34;42;0.24;0.00;1100392; 180472;9.02;132;56;0.55;10.35;10.35;0;9.28;176.18
10.04.2024 13:43:58;968;/usr/libexec/mariadbd --basedir=/usr;mariadbd;60.0;0;5.08;1.69;1.08; 0.00;34;41;0.24;0.00;1100392; 180472;9.02;132;56;0.55;10.37;10.37;0;9.28;176.56
10.04.2024 13:44:08;968;/usr/libexec/mariadbd --basedir=/usr;mariadbd;60.0;0;5.09;1.69;1.08; 0.00;34;40;0.24;0.00;1100392; 180472;9.02;132;56;0.55;10.39;10.39;0;9.28;176.94
10.04.2024 13:44:19;968;/usr/libexec/mariadbd --basedir=/usr;mariadbd;60.0;0;5.10;1.69;1.09; 0.00;34;40;0.24;0.00;1100392; 180472;9.02;132;56;0.55;10.41;10.41;0;9.28;177.32
10.04.2024 13:44:29;968;/usr/libexec/mariadbd --basedir=/usr;mariadbd;60.0;0;5.11;1.70;1.09; 0.00;34;40;0.23;0.00;1100392; 180472;9.02;132;56;0.55;10.43;10.43;0;9.28;177.70
10.04.2024 13:44:40;968;/usr/libexec/mariadbd --basedir=/usr;mariadbd;62.5;0;5.12;1.70;1.09; 0.00;34;41;0.23;0.00;1100392; 180472;9.02;132;56;0.55;10.45;10.45;0;9.28;178.08
10.04.2024 13:44:50;968;/usr/libexec/mariadbd --basedir=/usr;mariadbd;60.0;0;5.13;1.70;1.09; 0.00;34;41;0.23;0.00;1100392; 180472;9.02;132;56;0.55;10.47;10.47;0;9.28;178.45
10.04.2024 13:45:01;968;/usr/libexec/mariadbd --basedir=/usr;mariadbd;60.0;0;5.14;1.71;1.09; 0.00;36;41;0.23;0.00;1100392; 180472;9.02;132;56;0.55;10.49;10.49;0;9.28;178.83
10.04.2024 13:45:11;968;/usr/libexec/mariadbd --basedir=/usr;mariadbd;53.3;0;5.15;1.71;1.10; 0.00;36;42;0.23;0.00;1100392; 180472;9.02;132;56;0.55;10.51;10.51;0;9.28;179.21
10.04.2024 13:45:22;968;/usr/libexec/mariadbd --basedir=/usr;mariadbd;60.0;0;5.16;1.71;1.10; 0.00;36;40;0.23;0.00;1100392; 180472;9.02;132;56;0.55;10.53;10.53;0;9.28;179.59
10.04.2024 13:45:32;968;/usr/libexec/mariadbd --basedir=/usr;mariadbd;60.0;0;5.17;1.72;1.10; 0.00;36;41;0.23;0.00;1100392; 180472;9.02;132;56;0.55;10.55;10.55;0;9.28;179.98
10.04.2024 13:45:43;968;/usr/libexec/mariadbd --basedir=/usr;mariadbd;60.0;0;5.18;1.72;1.10; 0.00;36;42;0.23;0.00;1100392; 182520;9.12;132;56;0.55;10.57;10.57;0;9.28;180.36
10.04.2024 13:45:53;968;/usr/libexec/mariadbd --basedir=/usr;mariadbd;60.0;0;5.20;1.72;1.11; 0.00;36;39;0.23;0.00;1100392; 182520;9.12;132;56;0.55;10.58;10.58;0;9.28;180.73
10.04.2024 13:46:03;968;/usr/libexec/mariadbd --basedir=/usr;mariadbd;26.7;0;5.20;1.72;1.11; 0.00;34;36;0.23;0.00;1100392; 182520;9.12;132;56;0.55;10.59;10.59;0;9.28;180.81
10.04.2024 13:46:13;968;/usr/libexec/mariadbd --basedir=/usr;mariadbd;60.0;0;5.21;1.73;1.11; 0.00;34;39;0.23;0.00;1100392; 182520;9.12;132;56;0.55;10.61;10.61;0;9.28;181.18
10.04.2024 13:46:24;968;/usr/libexec/mariadbd --basedir=/usr;mariadbd;60.0;0;5.22;1.73;1.11; 0.00;34;42;0.23;0.00;1100392; 182520;9.12;132;56;0.55;10.63;10.63;0;9.28;181.56
10.04.2024 13:46:34;968;/usr/libexec/mariadbd --basedir=/usr;mariadbd;53.3;0;5.23;1.73;1.11; 0.00;34;39;0.23;0.00;1100392; 182520;9.12;132;56;0.55;10.65;10.65;0;9.28;181.94
10.04.2024 13:46:45;968;/usr/libexec/mariadbd --basedir=/usr;mariadbd;56.2;0;5.24;1.74;1.11; 0.00;34;42;0.23;0.00;1100392; 182520;9.12;132;56;0.55;10.67;10.67;0;9.28;182.31
10.04.2024 13:46:55;968;/usr/libexec/mariadbd --basedir=/usr;mariadbd;60.0;0;5.25;1.74;1.12; 0.00;34;42;0.23;0.00;1100392; 182520;9.12;132;56;0.55;10.68;10.68;0;9.27;182.69
10.04.2024 13:47:06;968;/usr/libexec/mariadbd --basedir=/usr;mariadbd;60.0;0;5.26;1.74;1.12; 0.00;34;38;0.23;0.00;1100392; 182520;9.12;132;56;0.55;10.70;10.70;0;9.27;183.07
10.04.2024 13:47:16;968;/usr/libexec/mariadbd --basedir=/usr;mariadbd;66.7;0;5.27;1.75;1.12; 0.00;34;39;0.23;0.00;1100392; 182520;9.12;132;56;0.55;10.72;10.72;0;9.27;183.45
10.04.2024 13:47:27;968;/usr/libexec/mariadbd --basedir=/usr;mariadbd;60.0;0;5.29;1.75;1.12; 0.00;34;40;0.23;0.00;1100392; 182520;9.12;132;56;0.55;10.74;10.74;0;9.27;183.83
10.04.2024 13:47:38;968;/usr/libexec/mariadbd --basedir=/usr;mariadbd;66.7;0;5.30;1.75;1.12; 0.00;34;40;0.23;0.00;1100392; 182520;9.12;132;56;0.55;10.76;10.76;0;9.27;184.20
10.04.2024 13:47:48;968;/usr/libexec/mariadbd --basedir=/usr;mariadbd;53.3;0;5.31;1.76;1.13; 0.00;34;40;0.23;0.00;1100392; 182520;9.12;132;56;0.55;10.78;10.78;0;9.27;184.58
10.04.2024 13:47:59;968;/usr/libexec/mariadbd --basedir=/usr;mariadbd;60.0;0;5.32;1.76;1.13; 0.00;35;41;0.23;0.00;1100392; 182520;9.12;132;56;0.55;10.80;10.80;0;9.27;184.96
10.04.2024 13:48:09;968;/usr/libexec/mariadbd --basedir=/usr;mariadbd;60.0;0;5.33;1.76;1.13; 0.00;35;40;0.23;0.00;1100392; 182520;9.12;132;56;0.55;10.82;10.82;0;9.27;185.33
10.04.2024 13:48:20;968;/usr/libexec/mariadbd --basedir=/usr;mariadbd;60.0;0;5.34;1.77;1.13; 0.00;35;42;0.23;0.00;1100392; 182520;9.12;132;56;0.55;10.84;10.84;0;9.27;185.71
10.04.2024 13:48:30;968;/usr/libexec/mariadbd --basedir=/usr;mariadbd;66.7;0;5.35;1.77;1.14; 0.00;35;41;0.23;0.00;1100392; 182520;9.12;132;56;0.55;10.86;10.86;0;9.27;186.09
10.04.2024 13:48:41;968;/usr/libexec/mariadbd --basedir=/usr;mariadbd;60.0;0;5.36;1.77;1.14; 0.00;35;40;0.23;0.00;1100392; 182520;9.12;132;56;0.55;10.88;10.88;0;9.27;186.46
10.04.2024 13:48:51;968;/usr/libexec/mariadbd --basedir=/usr;mariadbd;66.7;0;5.37;1.78;1.14; 0.00;34;41;0.23;0.00;1100392; 182520;9.12;132;56;0.55;10.90;10.90;0;9.27;186.84
10.04.2024 13:49:02;968;/usr/libexec/mariadbd --basedir=/usr;mariadbd;60.0;0;5.38;1.78;1.14; 0.00;34;38;0.23;0.00;1100392; 182520;9.12;132;56;0.55;10.92;10.92;0;9.27;187.21
10.04.2024 13:49:12;968;/usr/libexec/mariadbd --basedir=/usr;mariadbd;53.3;0;5.39;1.78;1.14; 0.00;34;38;0.23;0.00;1100392; 182520;9.12;132;56;0.55;10.93;10.93;0;9.27;187.59
10.04.2024 13:49:23;968;/usr/libexec/mariadbd --basedir=/usr;mariadbd;53.3;0;5.41;1.79;1.15; 0.00;34;42;0.23;0.00;1100392; 182520;9.12;132;56;0.55;10.95;10.95;0;9.27;187.97
10.04.2024 13:49:34;968;/usr/libexec/mariadbd --basedir=/usr;mariadbd;60.0;0;5.42;1.79;1.15; 0.00;34;39;0.23;0.00;1100392; 184568;9.22;132;56;0.55;10.97;10.97;0;9.27;188.34
10.04.2024 13:49:44;968;/usr/libexec/mariadbd --basedir=/usr;mariadbd;53.3;0;5.43;1.80;1.15; 0.00;34;41;0.23;0.00;1100392; 184568;9.22;132;56;0.55;10.99;10.99;0;9.26;188.72
10.04.2024 13:49:55;968;/usr/libexec/mariadbd --basedir=/usr;mariadbd;60.0;0;5.44;1.80;1.15; 0.00;34;40;0.23;0.00;1100392; 184568;9.22;132;56;0.55;11.01;11.01;0;9.26;189.10
10.04.2024 13:50:05;968;/usr/libexec/mariadbd --basedir=/usr;mariadbd;60.0;0;5.45;1.80;1.15; 0.00;34;41;0.23;0.00;1100392; 184568;9.22;132;56;0.55;11.03;11.03;0;9.26;189.48
10.04.2024 13:50:16;968;/usr/libexec/mariadbd --basedir=/usr;mariadbd;66.7;0;5.46;1.81;1.16; 0.00;34;40;0.23;0.00;1100392; 184568;9.22;132;56;0.55;11.05;11.05;0;9.26;189.85
10.04.2024 13:50:26;968;/usr/libexec/mariadbd --basedir=/usr;mariadbd;60.0;0;5.47;1.81;1.16; 0.00;34;42;0.23;0.00;1100392; 184568;9.22;132;56;0.55;11.07;11.07;0;9.26;190.23
10.04.2024 13:50:37;968;/usr/libexec/mariadbd --basedir=/usr;mariadbd;53.3;0;5.48;1.81;1.16; 0.00;34;40;0.23;0.00;1100392; 184568;9.22;132;56;0.55;11.09;11.09;0;9.26;190.61
10.04.2024 13:50:47;968;/usr/libexec/mariadbd --basedir=/usr;mariadbd;60.0;0;5.49;1.82;1.16; 0.00;34;41;0.23;0.00;1100392; 184568;9.22;132;56;0.55;11.11;11.11;0;9.26;190.98
10.04.2024 13:50:58;968;/usr/libexec/mariadbd --basedir=/usr;mariadbd;53.3;0;5.50;1.82;1.17; 0.00;34;40;0.23;0.00;1100392; 184568;9.22;132;56;0.55;11.13;11.13;0;9.26;191.36
10.04.2024 13:51:08;968;/usr/libexec/mariadbd --basedir=/usr;mariadbd;53.3;0;5.51;1.82;1.17; 0.00;34;40;0.23;0.00;1100392; 184568;9.22;132;56;0.55;11.15;11.15;0;9.26;191.74
10.04.2024 13:51:19;968;/usr/libexec/mariadbd --basedir=/usr;mariadbd;60.0;0;5.53;1.83;1.17; 0.00;34;40;0.23;0.00;1100392; 184568;9.22;132;56;0.55;11.16;11.16;0;9.26;192.11
10.04.2024 13:51:29;968;/usr/libexec/mariadbd --basedir=/usr;mariadbd;53.3;0;5.54;1.83;1.17; 0.00;34;40;0.23;0.00;1100392; 184568;9.22;132;56;0.55;11.18;11.18;0;9.26;192.49
10.04.2024 13:51:40;968;/usr/libexec/mariadbd --basedir=/usr;mariadbd;53.3;0;5.55;1.83;1.17; 0.00;34;40;0.23;0.00;1100392; 184568;9.22;132;56;0.55;11.20;11.20;0;9.26;192.88
10.04.2024 13:51:50;968;/usr/libexec/mariadbd --basedir=/usr;mariadbd;60.0;0;5.56;1.84;1.18; 0.00;34;39;0.23;0.00;1100392; 184568;9.22;132;56;0.55;11.22;11.22;0;9.26;193.25
10.04.2024 13:52:01;968;/usr/libexec/mariadbd --basedir=/usr;mariadbd;53.3;0;5.57;1.84;1.18; 0.00;34;40;0.23;0.00;1100392; 184568;9.22;132;56;0.55;11.24;11.24;0;9.25;193.63
10.04.2024 13:52:11;968;/usr/libexec/mariadbd --basedir=/usr;mariadbd;60.0;0;5.58;1.84;1.18; 0.00;34;41;0.23;0.00;1100392; 184568;9.22;132;56;0.55;11.26;11.26;0;9.25;194.01
10.04.2024 13:52:22;968;/usr/libexec/mariadbd --basedir=/usr;mariadbd;66.7;0;5.59;1.85;1.18; 0.00;34;41;0.23;0.00;1100392; 184568;9.22;132;56;0.55;11.28;11.28;0;9.25;194.38
10.04.2024 13:52:32;968;/usr/libexec/mariadbd --basedir=/usr;mariadbd;60.0;0;5.60;1.85;1.18; 0.00;34;39;0.23;0.00;1100392; 184568;9.22;132;56;0.55;11.30;11.30;0;9.25;194.76
10.04.2024 13:52:43;968;/usr/libexec/mariadbd --basedir=/usr;mariadbd;60.0;0;5.61;1.85;1.19; 0.00;34;40;0.23;0.00;1100392; 184568;9.22;132;56;0.55;11.32;11.32;0;9.25;195.14
10.04.2024 13:52:54;968;/usr/libexec/mariadbd --basedir=/usr;mariadbd;53.3;0;5.62;1.86;1.19; 0.00;34;41;0.23;0.00;1100392; 184568;9.22;132;56;0.55;11.34;11.34;0;9.25;195.51
10.04.2024 13:53:04;968;/usr/libexec/mariadbd --basedir=/usr;mariadbd;66.7;0;5.63;1.86;1.19; 0.00;34;40;0.23;0.00;1100392; 184568;9.22;132;56;0.55;11.36;11.36;0;9.25;195.88
10.04.2024 13:53:15;968;/usr/libexec/mariadbd --basedir=/usr;mariadbd;60.0;0;5.64;1.86;1.19; 0.00;34;42;0.23;0.00;1100392; 186616;9.33;132;56;0.55;11.38;11.38;0;9.25;196.26
10.04.2024 13:53:25;968;/usr/libexec/mariadbd --basedir=/usr;mariadbd;66.7;0;5.66;1.87;1.19; 0.00;34;40;0.23;0.00;1100392; 186616;9.33;132;56;0.55;11.40;11.40;0;9.25;196.63
10.04.2024 13:53:36;968;/usr/libexec/mariadbd --basedir=/usr;mariadbd;60.0;0;5.67;1.87;1.20; 0.00;34;39;0.23;0.00;1100392; 186616;9.33;132;56;0.55;11.41;11.41;0;9.25;197.00
10.04.2024 13:53:46;968;/usr/libexec/mariadbd --basedir=/usr;mariadbd;60.0;0;5.68;1.87;1.20; 0.00;35;39;0.23;0.00;1100392; 186616;9.33;132;56;0.55;11.43;11.43;0;9.25;197.38
10.04.2024 13:53:57;968;/usr/libexec/mariadbd --basedir=/usr;mariadbd;60.0;0;5.69;1.88;1.20; 0.00;35;41;0.23;0.00;1100392; 186616;9.33;132;56;0.55;11.45;11.45;0;9.25;197.75
10.04.2024 13:54:08;968;/usr/libexec/mariadbd --basedir=/usr;mariadbd;60.0;0;5.70;1.88;1.20; 0.00;35;38;0.23;0.00;1100392; 186616;9.33;132;56;0.55;11.47;11.47;0;9.25;198.13
10.04.2024 13:54:18;968;/usr/libexec/mariadbd --basedir=/usr;mariadbd;60.0;0;5.71;1.88;1.21; 0.00;35;40;0.23;0.00;1100392; 186616;9.33;132;56;0.55;11.49;11.49;0;9.25;198.50
10.04.2024 13:54:29;968;/usr/libexec/mariadbd --basedir=/usr;mariadbd;60.0;0;5.72;1.89;1.21; 0.00;35;40;0.23;0.00;1100392; 186616;9.33;132;56;0.55;11.51;11.51;0;9.25;198.87
10.04.2024 13:54:39;968;/usr/libexec/mariadbd --basedir=/usr;mariadbd;60.0;0;5.73;1.89;1.21; 0.00;35;42;0.23;0.00;1100392; 186616;9.33;132;56;0.55;11.53;11.53;0;9.25;199.25
10.04.2024 13:54:50;968;/usr/libexec/mariadbd --basedir=/usr;mariadbd;60.0;0;5.74;1.89;1.21; 0.00;34;38;0.23;0.00;1100392; 184636;9.23;132;56;0.55;11.55;11.55;0;9.25;199.62
10.04.2024 13:55:00;968;/usr/libexec/mariadbd --basedir=/usr;mariadbd;66.7;0;5.75;1.90;1.21; 0.00;34;41;0.23;0.00;1100392; 184636;9.23;132;56;0.55;11.57;11.57;0;9.24;200.00
10.04.2024 13:55:11;968;/usr/libexec/mariadbd --basedir=/usr;mariadbd;53.3;0;5.76;1.90;1.22; 0.00;34;36;0.23;0.00;1100392; 184636;9.23;132;56;0.55;11.58;11.58;0;9.24;200.30
10.04.2024 13:55:21;968;/usr/libexec/mariadbd --basedir=/usr;mariadbd;60.0;0;5.77;1.90;1.22; 0.00;34;39;0.23;0.00;1100392; 184636;9.23;132;56;0.55;11.60;11.60;0;9.24;200.67
10.04.2024 13:55:31;968;/usr/libexec/mariadbd --basedir=/usr;mariadbd;60.0;0;5.78;1.91;1.22; 0.00;34;40;0.23;0.00;1100392; 184636;9.23;132;56;0.55;11.62;11.62;0;9.24;201.05
10.04.2024 13:55:42;968;/usr/libexec/mariadbd --basedir=/usr;mariadbd;60.0;0;5.79;1.91;1.22; 0.00;34;38;0.23;0.00;1100392; 184636;9.23;132;56;0.55;11.64;11.64;0;9.24;201.42
10.04.2024 13:55:52;968;/usr/libexec/mariadbd --basedir=/usr;mariadbd;66.7;0;5.80;1.91;1.22; 0.00;34;42;0.23;0.00;1100392; 184636;9.23;132;56;0.55;11.66;11.66;0;9.24;201.80
10.04.2024 13:56:03;968;/usr/libexec/mariadbd --basedir=/usr;mariadbd;60.0;0;5.81;1.92;1.23; 0.00;34;40;0.23;0.00;1100392; 184636;9.23;132;56;0.55;11.68;11.68;0;9.24;202.18
10.04.2024 13:56:14;968;/usr/libexec/mariadbd --basedir=/usr;mariadbd;56.2;0;5.83;1.92;1.23; 0.00;34;40;0.23;0.00;1100392; 184636;9.23;132;56;0.55;11.70;11.70;0;9.24;202.55
10.04.2024 13:56:24;968;/usr/libexec/mariadbd --basedir=/usr;mariadbd;53.3;0;5.84;1.92;1.23; 0.00;34;39;0.23;0.00;1100392; 184636;9.23;132;56;0.55;11.72;11.72;0;9.24;202.93
10.04.2024 13:56:35;968;/usr/libexec/mariadbd --basedir=/usr;mariadbd;60.0;0;5.85;1.93;1.23; 0.00;34;40;0.23;0.00;1100392; 184636;9.23;132;56;0.55;11.74;11.74;0;9.24;203.30
10.04.2024 13:56:45;968;/usr/libexec/mariadbd --basedir=/usr;mariadbd;0.0;0;5.85;1.93;1.23; 0.00;34;36;0.23;0.00;1100392; 184636;9.23;132;56;0.55;11.75;11.75;0;9.24;203.49
10.04.2024 13:56:53;968;/usr/libexec/mariadbd --basedir=/usr;mariadbd;6.7;0;5.85;1.93;1.23; 0.00;34;36;0.23;0.00;1100392; 184636;9.23;132;56;0.55;11.75;11.75;0;9.24;203.51
10.04.2024 13:57:01;968;/usr/libexec/mariadbd --basedir=/usr;mariadbd;60.0;0;5.86;1.93;1.24; 0.00;34;41;0.23;0.00;1100392; 184636;9.23;132;56;0.55;11.76;11.76;0;9.25;203.79
10.04.2024 13:57:12;968;/usr/libexec/mariadbd --basedir=/usr;mariadbd;60.0;0;5.87;1.93;1.24; 0.00;34;40;0.23;0.00;1100392; 186684;9.33;132;56;0.54;11.78;11.78;0;9.24;204.16
10.04.2024 13:57:23;968;/usr/libexec/mariadbd --basedir=/usr;mariadbd;66.7;0;5.88;1.94;1.24; 0.00;34;40;0.23;0.00;1100392; 186684;9.33;132;56;0.54;11.80;11.80;0;9.24;204.54
10.04.2024 13:57:33;968;/usr/libexec/mariadbd --basedir=/usr;mariadbd;60.0;0;5.89;1.94;1.24; 0.00;34;41;0.23;0.00;1100392; 186684;9.33;132;56;0.54;11.82;11.82;0;9.24;204.91
10.04.2024 13:57:44;968;/usr/libexec/mariadbd --basedir=/usr;mariadbd;53.3;0;5.90;1.94;1.24; 0.00;34;39;0.23;0.00;1100392; 186684;9.33;132;56;0.54;11.84;11.84;0;9.24;205.28
10.04.2024 13:57:53;968;/usr/libexec/mariadbd --basedir=/usr;mariadbd;0.0;0;5.91;1.94;1.24; 0.00;34;36;0.23;0.00;1100392; 186684;9.33;132;56;0.54;11.84;11.84;0;9.24;205.36
10.04.2024 13:58:01;968;/usr/libexec/mariadbd --basedir=/usr;mariadbd;0.0;0;5.91;1.94;1.24; 0.00;34;36;0.23;0.00;1100392; 186684;9.33;132;56;0.54;11.84;11.84;0;9.24;205.34
10.04.2024 13:58:09;968;/usr/libexec/mariadbd --basedir=/usr;mariadbd;0.0;0;5.91;1.94;1.24; 0.00;34;36;0.23;0.00;1100392; 186684;9.33;132;56;0.54;11.84;11.84;0;9.24;205.33
10.04.2024 13:58:16;968;/usr/libexec/mariadbd --basedir=/usr;mariadbd;0.0;0;5.91;1.94;1.24; 0.00;34;36;0.23;0.00;1100392; 186684;9.33;132;56;0.54;11.84;11.84;0;9.24;205.31
10.04.2024 13:58:24;968;/usr/libexec/mariadbd --basedir=/usr;mariadbd;0.0;0;5.91;1.94;1.24; 0.00;34;36;0.23;0.00;1100392; 186684;9.33;132;56;0.54;11.84;11.84;0;9.24;205.29
10.04.2024 13:58:32;968;/usr/libexec/mariadbd --basedir=/usr;mariadbd;0.0;0;5.91;1.94;1.24; 0.00;34;36;0.23;0.00;1100392; 186684;9.33;132;56;0.54;11.84;11.84;0;9.24;205.27
10.04.2024 13:58:40;968;/usr/libexec/mariadbd --basedir=/usr;mariadbd;0.0;0;5.90;1.94;1.24; 0.00;34;36;0.23;0.00;1100392; 186684;9.33;132;56;0.54;11.84;11.84;0;9.24;205.26
10.04.2024 13:58:47;968;/usr/libexec/mariadbd --basedir=/usr;mariadbd;0.0;0;5.90;1.94;1.24; 0.00;33;36;0.23;0.00;1100392; 186696;9.33;132;56;0.54;11.83;11.83;0;9.24;205.24
10.04.2024 13:58:55;968;/usr/libexec/mariadbd --basedir=/usr;mariadbd;0.0;0;5.90;1.94;1.24; 0.00;31;36;0.23;0.00;1092196; 184652;9.23;132;56;0.54;11.83;11.83;0;9.24;205.22
10.04.2024 13:59:03;968;/usr/libexec/mariadbd --basedir=/usr;mariadbd;0.0;0;5.90;1.94;1.24; 0.00;31;36;0.23;0.00;1092196; 184652;9.23;132;56;0.54;11.83;11.83;0;9.23;205.20
10.04.2024 13:59:10;968;/usr/libexec/mariadbd --basedir=/usr;mariadbd;0.0;0;5.90;1.94;1.24; 0.00;31;36;0.23;0.00;1092196; 184652;9.23;132;56;0.54;11.83;11.83;0;9.23;205.19
10.04.2024 13:59:18;968;/usr/libexec/mariadbd --basedir=/usr;mariadbd;0.0;0;5.90;1.94;1.24; 0.00;31;36;0.23;0.00;1092196; 184652;9.23;132;56;0.54;11.83;11.83;0;9.23;205.17
10.04.2024 13:59:26;968;/usr/libexec/mariadbd --basedir=/usr;mariadbd;0.0;0;5.90;1.94;1.24; 0.00;31;36;0.23;0.00;1092196; 184652;9.23;132;56;0.54;11.83;11.83;0;9.23;205.15
10.04.2024 13:59:34;968;/usr/libexec/mariadbd --basedir=/usr;mariadbd;0.0;0;5.90;1.94;1.24; 0.00;31;36;0.23;0.00;1092196; 184652;9.23;132;56;0.54;11.83;11.83;0;9.23;205.13
10.04.2024 13:59:41;968;/usr/libexec/mariadbd --basedir=/usr;mariadbd;0.0;0;5.90;1.94;1.24; 0.00;31;36;0.23;0.00;1092196; 184652;9.23;132;56;0.54;11.83;11.83;0;9.23;205.12
10.04.2024 13:59:49;968;/usr/libexec/mariadbd --basedir=/usr;mariadbd;0.0;0;5.90;1.94;1.24; 0.00;31;36;0.23;0.00;1092196; 186676;9.33;132;56;0.54;11.83;11.83;0;9.23;205.10
10.04.2024 13:59:57;968;/usr/libexec/mariadbd --basedir=/usr;mariadbd;0.0;0;5.90;1.94;1.24; 0.00;31;36;0.23;0.00;1092196; 186676;9.33;132;56;0.54;11.83;11.83;0;9.23;205.08
10.04.2024 14:00:04;968;/usr/libexec/mariadbd --basedir=/usr;mariadbd;0.0;0;5.90;1.94;1.24; 0.00;31;36;0.23;0.00;1092196; 186676;9.33;132;56;0.54;11.82;11.82;0;9.23;205.06
10.04.2024 14:00:12;968;/usr/libexec/mariadbd --basedir=/usr;mariadbd;0.0;0;5.90;1.94;1.24; 0.00;31;36;0.23;0.00;1092196; 186676;9.33;132;56;0.54;11.82;11.82;0;9.23;205.05
10.04.2024 14:00:20;968;/usr/libexec/mariadbd --basedir=/usr;mariadbd;0.0;0;5.90;1.94;1.24; 0.00;31;36;0.23;0.00;1092196; 186676;9.33;132;56;0.54;11.82;11.82;0;9.23;205.03
10.04.2024 14:00:28;968;/usr/libexec/mariadbd --basedir=/usr;mariadbd;0.0;0;5.90;1.94;1.24; 0.00;31;36;0.23;0.00;1092196; 188656;9.43;132;56;0.54;11.82;11.82;0;9.23;205.01
10.04.2024 14:00:35;968;/usr/libexec/mariadbd --basedir=/usr;mariadbd;0.0;0;5.90;1.94;1.24; 0.00;31;36;0.23;0.00;1092196; 188656;9.43;132;56;0.54;11.82;11.82;0;9.23;204.99
10.04.2024 14:00:43;968;/usr/libexec/mariadbd --basedir=/usr;mariadbd;0.0;0;5.90;1.94;1.24; 0.00;31;36;0.23;0.00;1092196; 188656;9.43;132;56;0.54;11.82;11.82;0;9.22;204.98
10.04.2024 14:00:51;968;/usr/libexec/mariadbd --basedir=/usr;mariadbd;0.0;0;5.90;1.94;1.24; 0.00;31;36;0.23;0.00;1092196; 188656;9.43;132;56;0.54;11.82;11.82;0;9.22;204.96
10.04.2024 14:00:58;968;/usr/libexec/mariadbd --basedir=/usr;mariadbd;0.0;0;5.90;1.94;1.24; 0.00;31;36;0.23;0.00;1092196; 188656;9.43;132;56;0.54;11.82;11.82;0;9.22;204.94
10.04.2024 14:01:06;968;/usr/libexec/mariadbd --basedir=/usr;mariadbd;0.0;0;5.90;1.94;1.24; 0.00;31;36;0.23;0.00;1092196; 188656;9.43;132;56;0.54;11.82;11.82;0;9.22;204.92
10.04.2024 14:01:14;968;/usr/libexec/mariadbd --basedir=/usr;mariadbd;0.0;0;5.89;1.94;1.24; 0.00;31;36;0.23;0.00;1092196; 188656;9.43;132;56;0.54;11.82;11.82;0;9.22;204.90
10.04.2024 14:01:22;968;/usr/libexec/mariadbd --basedir=/usr;mariadbd;0.0;0;5.89;1.94;1.24; 0.00;31;36;0.23;0.00;1092196; 188656;9.43;132;56;0.54;11.81;11.81;0;9.22;204.89
10.04.2024 14:01:30;968;/usr/libexec/mariadbd --basedir=/usr;mariadbd;0.0;0;5.89;1.94;1.24; 0.00;31;36;0.23;0.00;1092196; 188656;9.43;132;56;0.54;11.81;11.81;0;9.22;204.87
10.04.2024 14:01:37;968;/usr/libexec/mariadbd --basedir=/usr;mariadbd;0.0;0;5.89;1.94;1.24; 0.00;31;36;0.23;0.00;1092196; 188656;9.43;132;56;0.54;11.81;11.81;0;9.22;204.85
10.04.2024 14:01:45;968;/usr/libexec/mariadbd --basedir=/usr;mariadbd;0.0;0;5.89;1.94;1.24; 0.00;31;36;0.23;0.00;1092196; 188656;9.43;132;56;0.54;11.81;11.81;0;9.22;204.83
10.04.2024 14:01:53;968;/usr/libexec/mariadbd --basedir=/usr;mariadbd;0.0;0;5.89;1.94;1.24; 0.00;31;36;0.23;0.00;1092196; 188656;9.43;132;56;0.54;11.81;11.81;0;9.22;204.82
10.04.2024 14:02:00;968;/usr/libexec/mariadbd --basedir=/usr;mariadbd;0.0;0;5.89;1.94;1.24; 0.00;31;36;0.23;0.00;1092196; 188656;9.43;132;56;0.54;11.81;11.81;0;9.22;204.80
10.04.2024 14:02:08;968;/usr/libexec/mariadbd --basedir=/usr;mariadbd;0.0;0;5.89;1.94;1.24; 0.00;31;36;0.23;0.00;1092196; 188656;9.43;132;56;0.54;11.81;11.81;0;9.22;204.78
10.04.2024 14:02:16;968;/usr/libexec/mariadbd --basedir=/usr;mariadbd;0.0;0;5.89;1.94;1.24; 0.00;31;36;0.23;0.00;1092196; 188656;9.43;132;56;0.54;11.81;11.81;0;9.21;204.76
10.04.2024 14:02:24;968;/usr/libexec/mariadbd --basedir=/usr;mariadbd;0.0;0;5.89;1.94;1.24; 0.00;31;36;0.23;0.00;1092196; 188656;9.43;132;56;0.54;11.81;11.81;0;9.21;204.75
10.04.2024 14:02:31;968;/usr/libexec/mariadbd --basedir=/usr;mariadbd;0.0;0;5.89;1.94;1.24; 0.00;31;36;0.23;0.00;1092196; 188656;9.43;132;56;0.54;11.81;11.81;0;9.21;204.73
10.04.2024 14:02:39;968;/usr/libexec/mariadbd --basedir=/usr;mariadbd;0.0;0;5.89;1.94;1.24; 0.00;31;36;0.23;0.00;1092196; 188656;9.43;132;56;0.54;11.80;11.80;0;9.21;204.71
10.04.2024 14:02:47;968;/usr/libexec/mariadbd --basedir=/usr;mariadbd;0.0;0;5.89;1.94;1.24; 0.00;31;36;0.23;0.00;1092196; 188656;9.43;132;56;0.54;11.80;11.80;0;9.21;204.69
10.04.2024 14:02:55;968;/usr/libexec/mariadbd --basedir=/usr;mariadbd;0.0;0;5.89;1.94;1.24; 0.00;8;36;0.23;0.00;1092196; 189344;9.46;132;56;0.54;11.80;11.80;0;9.21;204.68
10.04.2024 14:03:02;968;/usr/libexec/mariadbd --basedir=/usr;mariadbd;0.0;0;5.89;1.94;1.24; 0.00;8;36;0.23;0.00;1092196; 189344;9.46;132;56;0.54;11.80;11.80;0;9.21;204.66
10.04.2024 14:03:10;968;/usr/libexec/mariadbd --basedir=/usr;mariadbd;0.0;0;5.89;1.94;1.24; 0.00;8;36;0.23;0.00;1092196; 189344;9.46;132;56;0.54;11.80;11.80;0;9.21;204.64
10.04.2024 14:03:18;968;/usr/libexec/mariadbd --basedir=/usr;mariadbd;0.0;0;5.89;1.94;1.24; 0.00;8;36;0.23;0.00;1092196; 189344;9.46;132;56;0.54;11.80;11.80;0;9.21;204.62
10.04.2024 14:03:25;968;/usr/libexec/mariadbd --basedir=/usr;mariadbd;0.0;0;5.89;1.94;1.24; 0.00;8;36;0.23;0.00;1092196; 189344;9.46;132;56;0.54;11.80;11.80;0;9.21;204.61
10.04.2024 14:03:33;968;/usr/libexec/mariadbd --basedir=/usr;mariadbd;0.0;0;5.89;1.94;1.24; 0.00;8;36;0.23;0.00;1092196; 189344;9.46;132;56;0.54;11.80;11.80;0;9.21;204.59
10.04.2024 14:03:41;968;/usr/libexec/mariadbd --basedir=/usr;mariadbd;0.0;0;5.88;1.94;1.24; 0.00;8;36;0.23;0.00;1092196; 189344;9.46;132;56;0.54;11.80;11.80;0;9.21;204.57
10.04.2024 14:03:49;968;/usr/libexec/mariadbd --basedir=/usr;mariadbd;0.0;0;5.88;1.94;1.24; 0.00;8;36;0.23;0.00;1092196; 189344;9.46;132;56;0.54;11.79;11.79;0;9.21;204.55
10.04.2024 14:03:56;968;/usr/libexec/mariadbd --basedir=/usr;mariadbd;0.0;0;5.88;1.94;1.24; 0.00;8;36;0.23;0.00;1092196; 189344;9.46;132;56;0.54;11.79;11.79;0;9.20;204.54
10.04.2024 14:04:04;968;/usr/libexec/mariadbd --basedir=/usr;mariadbd;0.0;0;5.88;1.94;1.24; 0.00;8;36;0.23;0.00;1092196; 189344;9.46;132;56;0.54;11.79;11.79;0;9.20;204.52
10.04.2024 14:04:12;968;/usr/libexec/mariadbd --basedir=/usr;mariadbd;0.0;0;5.88;1.94;1.24; 0.00;8;36;0.23;0.00;1092196; 189344;9.46;132;56;0.54;11.79;11.79;0;9.20;204.50
10.04.2024 14:04:19;968;/usr/libexec/mariadbd --basedir=/usr;mariadbd;0.0;0;5.88;1.94;1.24; 0.00;8;36;0.23;0.00;1092196; 189344;9.46;132;56;0.54;11.79;11.79;0;9.20;204.48
10.04.2024 14:04:27;968;/usr/libexec/mariadbd --basedir=/usr;mariadbd;0.0;0;5.88;1.94;1.24; 0.00;8;36;0.23;0.00;1092196; 189344;9.46;132;56;0.54;11.79;11.79;0;9.20;204.47
10.04.2024 14:04:35;968;/usr/libexec/mariadbd --basedir=/usr;mariadbd;0.0;0;5.88;1.94;1.24; 0.00;8;36;0.23;0.00;1092196; 189344;9.46;132;56;0.54;11.79;11.79;0;9.20;204.45
10.04.2024 14:04:43;968;/usr/libexec/mariadbd --basedir=/usr;mariadbd;0.0;0;5.88;1.94;1.24; 0.00;8;36;0.23;0.00;1092196; 189344;9.46;132;56;0.54;11.79;11.79;0;9.20;204.43
10.04.2024 14:04:50;968;/usr/libexec/mariadbd --basedir=/usr;mariadbd;0.0;0;5.88;1.94;1.24; 0.00;8;36;0.23;0.00;1092196; 189344;9.46;132;56;0.54;11.79;11.79;0;9.20;204.41
10.04.2024 14:04:58;968;/usr/libexec/mariadbd --basedir=/usr;mariadbd;0.0;0;5.88;1.94;1.24; 0.00;8;36;0.23;0.00;1092196; 189344;9.46;132;56;0.54;11.79;11.79;0;9.20;204.40
10.04.2024 14:05:06;968;/usr/libexec/mariadbd --basedir=/usr;mariadbd;0.0;0;5.88;1.94;1.24; 0.00;8;36;0.23;0.00;1092196; 189344;9.46;132;56;0.54;11.78;11.78;0;9.20;204.38
10.04.2024 14:05:13;968;/usr/libexec/mariadbd --basedir=/usr;mariadbd;0.0;0;5.88;1.94;1.24; 0.00;8;36;0.23;0.00;1092196; 189344;9.46;132;56;0.54;11.78;11.78;0;9.20;204.36
10.04.2024 14:05:21;968;/usr/libexec/mariadbd --basedir=/usr;mariadbd;0.0;0;5.88;1.93;1.24; 0.00;8;36;0.23;0.00;1092196; 189344;9.46;132;56;0.54;11.78;11.78;0;9.20;204.34
10.04.2024 14:05:29;968;/usr/libexec/mariadbd --basedir=/usr;mariadbd;0.0;0;5.88;1.93;1.24; 0.00;8;36;0.23;0.00;1092196; 189344;9.46;132;56;0.54;11.78;11.78;0;9.20;204.33
10.04.2024 14:05:37;968;/usr/libexec/mariadbd --basedir=/usr;mariadbd;0.0;0;5.88;1.93;1.24; 0.00;8;36;0.23;0.00;1092196; 189344;9.46;132;56;0.54;11.78;11.78;0;9.19;204.31
10.04.2024 14:05:44;968;/usr/libexec/mariadbd --basedir=/usr;mariadbd;0.0;0;5.88;1.93;1.24; 0.00;8;36;0.23;0.00;1092196; 189344;9.46;132;56;0.54;11.78;11.78;0;9.19;204.29
10.04.2024 14:05:52;968;/usr/libexec/mariadbd --basedir=/usr;mariadbd;0.0;0;5.88;1.93;1.24; 0.00;8;36;0.23;0.00;1092196; 189344;9.46;132;56;0.54;11.78;11.78;0;9.19;204.27
10.04.2024 14:06:00;968;/usr/libexec/mariadbd --basedir=/usr;mariadbd;0.0;0;5.88;1.93;1.24; 0.00;8;36;0.23;0.00;1092196; 189344;9.46;132;56;0.54;11.78;11.78;0;9.19;204.26
10.04.2024 14:06:07;968;/usr/libexec/mariadbd --basedir=/usr;mariadbd;0.0;0;5.88;1.93;1.24; 0.00;8;36;0.23;0.00;1092196; 189344;9.46;132;56;0.54;11.78;11.78;0;9.19;204.24
10.04.2024 14:06:15;968;/usr/libexec/mariadbd --basedir=/usr;mariadbd;0.0;0;5.87;1.93;1.24; 0.00;8;36;0.23;0.00;1092196; 189344;9.46;132;56;0.54;11.78;11.78;0;9.19;204.22
10.04.2024 14:06:23;968;/usr/libexec/mariadbd --basedir=/usr;mariadbd;0.0;0;5.87;1.93;1.24; 0.00;8;36;0.23;0.00;1092196; 189344;9.46;132;56;0.54;11.77;11.77;0;9.19;204.20
10.04.2024 14:06:31;968;/usr/libexec/mariadbd --basedir=/usr;mariadbd;0.0;0;5.87;1.93;1.24; 0.00;8;36;0.23;0.00;1092196; 189344;9.46;132;56;0.54;11.77;11.77;0;9.19;204.19
10.04.2024 14:06:38;968;/usr/libexec/mariadbd --basedir=/usr;mariadbd;0.0;0;5.87;1.93;1.24; 0.00;8;36;0.23;0.00;1092196; 189344;9.46;132;56;0.54;11.77;11.77;0;9.19;204.17
10.04.2024 14:06:46;968;/usr/libexec/mariadbd --basedir=/usr;mariadbd;0.0;0;5.87;1.93;1.24; 0.00;8;36;0.23;0.00;1092196; 189344;9.46;132;56;0.54;11.77;11.77;0;9.19;204.15
10.04.2024 14:06:54;968;/usr/libexec/mariadbd --basedir=/usr;mariadbd;0.0;0;5.87;1.93;1.24; 0.00;8;36;0.23;0.00;1092196; 189344;9.46;132;56;0.54;11.77;11.77;0;9.19;204.13
10.04.2024 14:07:01;968;/usr/libexec/mariadbd --basedir=/usr;mariadbd;0.0;0;5.87;1.93;1.24; 0.00;8;36;0.23;0.00;1092196; 189344;9.46;132;56;0.54;11.77;11.77;0;9.19;204.12
10.04.2024 14:07:09;968;/usr/libexec/mariadbd --basedir=/usr;mariadbd;0.0;0;5.87;1.93;1.24; 0.00;8;36;0.23;0.00;1092196; 189344;9.46;132;56;0.54;11.77;11.77;0;9.19;204.10
10.04.2024 14:07:17;968;/usr/libexec/mariadbd --basedir=/usr;mariadbd;0.0;0;5.87;1.93;1.24; 0.00;8;36;0.23;0.00;1092196; 189344;9.46;132;56;0.54;11.77;11.77;0;9.18;204.08
10.04.2024 14:07:25;968;/usr/libexec/mariadbd --basedir=/usr;mariadbd;0.0;0;5.87;1.93;1.24; 0.00;8;36;0.23;0.00;1092196; 189344;9.46;132;56;0.54;11.77;11.77;0;9.18;204.07
10.04.2024 14:07:32;968;/usr/libexec/mariadbd --basedir=/usr;mariadbd;0.0;0;5.87;1.93;1.24; 0.00;8;36;0.23;0.00;1092196; 189344;9.46;132;56;0.54;11.77;11.77;0;9.18;204.05
10.04.2024 14:07:40;968;/usr/libexec/mariadbd --basedir=/usr;mariadbd;0.0;0;5.87;1.93;1.24; 0.00;8;36;0.23;0.00;1092196; 189344;9.46;132;56;0.54;11.76;11.76;0;9.18;204.03
10.04.2024 14:07:48;968;/usr/libexec/mariadbd --basedir=/usr;mariadbd;0.0;0;5.87;1.93;1.24; 0.00;8;36;0.23;0.00;1092196; 189344;9.46;132;56;0.54;11.76;11.76;0;9.18;204.01
10.04.2024 14:07:55;968;/usr/libexec/mariadbd --basedir=/usr;mariadbd;0.0;0;5.87;1.93;1.24; 0.00;8;36;0.23;0.00;1092196; 189344;9.46;132;56;0.54;11.76;11.76;0;9.18;204.00
10.04.2024 14:08:03;968;/usr/libexec/mariadbd --basedir=/usr;mariadbd;0.0;0;5.87;1.93;1.24; 0.00;8;36;0.23;0.00;1092196; 189344;9.46;132;56;0.54;11.76;11.76;0;9.18;203.98
10.04.2024 14:08:11;968;/usr/libexec/mariadbd --basedir=/usr;mariadbd;0.0;0;5.87;1.93;1.24; 0.00;8;36;0.23;0.00;1092196; 189344;9.46;132;56;0.54;11.76;11.76;0;9.18;203.96
10.04.2024 14:08:19;968;/usr/libexec/mariadbd --basedir=/usr;mariadbd;0.0;0;5.87;1.93;1.24; 0.00;8;36;0.23;0.00;1092196; 189344;9.46;132;56;0.54;11.76;11.76;0;9.18;203.94
10.04.2024 14:08:26;968;/usr/libexec/mariadbd --basedir=/usr;mariadbd;0.0;0;5.87;1.93;1.24; 0.00;8;36;0.23;0.00;1092196; 189344;9.46;132;56;0.54;11.76;11.76;0;9.18;203.93
10.04.2024 14:08:34;968;/usr/libexec/mariadbd --basedir=/usr;mariadbd;0.0;0;5.87;1.93;1.24; 0.00;8;36;0.23;0.00;1092196; 189344;9.46;132;56;0.54;11.76;11.76;0;9.18;203.91
10.04.2024 14:08:42;968;/usr/libexec/mariadbd --basedir=/usr;mariadbd;0.0;0;5.87;1.93;1.24; 0.00;8;36;0.23;0.00;1092196; 189344;9.46;132;56;0.54;11.76;11.76;0;9.18;203.89
10.04.2024 14:08:49;968;/usr/libexec/mariadbd --basedir=/usr;mariadbd;0.0;0;5.86;1.93;1.24; 0.00;8;36;0.23;0.00;1092196; 189344;9.46;132;56;0.54;11.76;11.76;0;9.17;203.87
10.04.2024 14:08:57;968;/usr/libexec/mariadbd --basedir=/usr;mariadbd;0.0;0;5.86;1.93;1.24; 0.00;8;36;0.23;0.00;1092196; 189344;9.46;132;56;0.54;11.75;11.75;0;9.17;203.86
10.04.2024 14:09:05;968;/usr/libexec/mariadbd --basedir=/usr;mariadbd;0.0;0;5.86;1.93;1.23; 0.00;8;36;0.23;0.00;1092196; 189344;9.46;132;56;0.54;11.75;11.75;0;9.17;203.84
10.04.2024 14:09:13;968;/usr/libexec/mariadbd --basedir=/usr;mariadbd;0.0;0;5.86;1.93;1.23; 0.00;8;36;0.23;0.00;1092196; 189344;9.46;132;56;0.54;11.75;11.75;0;9.17;203.82
10.04.2024 14:09:20;968;/usr/libexec/mariadbd --basedir=/usr;mariadbd;0.0;0;5.86;1.93;1.23; 0.00;8;36;0.23;0.00;1092196; 189344;9.46;132;56;0.54;11.75;11.75;0;9.17;203.80
10.04.2024 14:09:28;968;/usr/libexec/mariadbd --basedir=/usr;mariadbd;0.0;0;5.86;1.93;1.23; 0.00;8;36;0.23;0.00;1092196; 189344;9.46;132;56;0.54;11.75;11.75;0;9.17;203.79
10.04.2024 14:09:36;968;/usr/libexec/mariadbd --basedir=/usr;mariadbd;0.0;0;5.86;1.93;1.23; 0.00;8;36;0.23;0.00;1092196; 189344;9.46;132;56;0.54;11.75;11.75;0;9.17;203.77
10.04.2024 14:09:43;968;/usr/libexec/mariadbd --basedir=/usr;mariadbd;0.0;0;5.86;1.93;1.23; 0.00;8;36;0.23;0.00;1092196; 189344;9.46;132;56;0.54;11.75;11.75;0;9.17;203.75
10.04.2024 14:09:51;968;/usr/libexec/mariadbd --basedir=/usr;mariadbd;0.0;0;5.86;1.93;1.23; 0.00;8;36;0.23;0.00;1092196; 189344;9.46;132;56;0.54;11.75;11.75;0;9.17;203.74
10.04.2024 14:09:59;968;/usr/libexec/mariadbd --basedir=/usr;mariadbd;0.0;0;5.86;1.93;1.23; 0.00;8;36;0.23;0.00;1092196; 189344;9.46;132;56;0.54;11.75;11.75;0;9.17;203.72
10.04.2024 14:10:07;968;/usr/libexec/mariadbd --basedir=/usr;mariadbd;0.0;0;5.86;1.93;1.23; 0.00;8;36;0.23;0.00;1092196; 189344;9.46;132;56;0.54;11.75;11.75;0;9.17;203.70
10.04.2024 14:10:14;968;/usr/libexec/mariadbd --basedir=/usr;mariadbd;0.0;0;5.86;1.93;1.23; 0.00;8;36;0.23;0.00;1092196; 189344;9.46;132;56;0.54;11.74;11.74;0;9.17;203.68
10.04.2024 14:10:22;968;/usr/libexec/mariadbd --basedir=/usr;mariadbd;0.0;0;5.86;1.93;1.23; 0.00;8;36;0.23;0.00;1092196; 189344;9.46;132;56;0.54;11.74;11.74;0;9.17;203.67
10.04.2024 14:10:30;968;/usr/libexec/mariadbd --basedir=/usr;mariadbd;0.0;0;5.86;1.93;1.23; 0.00;8;36;0.23;0.00;1092196; 189344;9.46;132;56;0.54;11.74;11.74;0;9.16;203.65
10.04.2024 14:10:37;968;/usr/libexec/mariadbd --basedir=/usr;mariadbd;0.0;0;5.86;1.93;1.23; 0.00;8;36;0.23;0.00;1092196; 189344;9.46;132;56;0.54;11.74;11.74;0;9.16;203.63
10.04.2024 14:10:45;968;/usr/libexec/mariadbd --basedir=/usr;mariadbd;0.0;0;5.86;1.93;1.23; 0.00;8;36;0.23;0.00;1092196; 189344;9.46;132;56;0.54;11.74;11.74;0;9.16;203.61
10.04.2024 14:10:53;968;/usr/libexec/mariadbd --basedir=/usr;mariadbd;0.0;0;5.86;1.93;1.23; 0.00;8;36;0.23;0.00;1092196; 189344;9.46;132;56;0.54;11.74;11.74;0;9.16;203.60
10.04.2024 14:11:01;968;/usr/libexec/mariadbd --basedir=/usr;mariadbd;0.0;0;5.86;1.93;1.23; 0.00;8;36;0.23;0.00;1092196; 189344;9.46;132;56;0.54;11.74;11.74;0;9.16;203.58
10.04.2024 14:11:08;968;/usr/libexec/mariadbd --basedir=/usr;mariadbd;0.0;0;5.86;1.93;1.23; 0.00;8;36;0.23;0.00;1092196; 189344;9.46;132;56;0.54;11.74;11.74;0;9.16;203.56
10.04.2024 14:11:16;968;/usr/libexec/mariadbd --basedir=/usr;mariadbd;0.0;0;5.86;1.93;1.23; 0.00;8;36;0.23;0.00;1092196; 189344;9.46;132;56;0.54;11.74;11.74;0;9.16;203.54
10.04.2024 14:11:24;968;/usr/libexec/mariadbd --basedir=/usr;mariadbd;0.0;0;5.85;1.93;1.23; 0.00;8;36;0.23;0.00;1092196; 189344;9.46;132;56;0.54;11.74;11.74;0;9.16;203.53
10.04.2024 14:11:32;968;/usr/libexec/mariadbd --basedir=/usr;mariadbd;0.0;0;5.85;1.93;1.23; 0.00;8;36;0.23;0.00;1092196; 189344;9.46;132;56;0.54;11.73;11.73;0;9.16;203.51
10.04.2024 14:11:39;968;/usr/libexec/mariadbd --basedir=/usr;mariadbd;0.0;0;5.85;1.93;1.23; 0.00;8;36;0.23;0.00;1092196; 189344;9.46;132;56;0.54;11.73;11.73;0;9.16;203.49
10.04.2024 14:11:47;968;/usr/libexec/mariadbd --basedir=/usr;mariadbd;0.0;0;5.85;1.93;1.23; 0.00;8;36;0.23;0.00;1092196; 189344;9.46;132;56;0.54;11.73;11.73;0;9.16;203.47
10.04.2024 14:11:55;968;/usr/libexec/mariadbd --basedir=/usr;mariadbd;0.0;0;5.85;1.93;1.23; 0.00;8;36;0.23;0.00;1092196; 189344;9.46;132;56;0.54;11.73;11.73;0;9.16;203.46
10.04.2024 14:12:02;968;/usr/libexec/mariadbd --basedir=/usr;mariadbd;0.0;0;5.85;1.93;1.23; 0.00;8;36;0.23;0.00;1092196; 189344;9.46;132;56;0.54;11.73;11.73;0;9.16;203.44
10.04.2024 14:12:10;968;/usr/libexec/mariadbd --basedir=/usr;mariadbd;0.0;0;5.85;1.93;1.23; 0.00;8;36;0.23;0.00;1092196; 189344;9.46;132;56;0.54;11.73;11.73;0;9.15;203.42
10.04.2024 14:12:18;968;/usr/libexec/mariadbd --basedir=/usr;mariadbd;0.0;0;5.85;1.93;1.23; 0.00;8;36;0.23;0.00;1092196; 189344;9.46;132;56;0.54;11.73;11.73;0;9.15;203.41
10.04.2024 14:12:26;968;/usr/libexec/mariadbd --basedir=/usr;mariadbd;0.0;0;5.85;1.93;1.23; 0.00;8;36;0.23;0.00;1092196; 189344;9.46;132;56;0.54;11.73;11.73;0;9.15;203.39
10.04.2024 14:12:33;968;/usr/libexec/mariadbd --basedir=/usr;mariadbd;0.0;0;5.85;1.93;1.23; 0.00;8;36;0.23;0.00;1092196; 189344;9.46;132;56;0.54;11.73;11.73;0;9.15;203.37
10.04.2024 14:12:41;968;/usr/libexec/mariadbd --basedir=/usr;mariadbd;0.0;0;5.85;1.93;1.23; 0.00;8;36;0.23;0.00;1092196; 189344;9.46;132;56;0.54;11.73;11.73;0;9.15;203.35
10.04.2024 14:12:49;968;/usr/libexec/mariadbd --basedir=/usr;mariadbd;0.0;0;5.85;1.93;1.23; 0.00;8;36;0.23;0.00;1092196; 189344;9.46;132;56;0.54;11.72;11.72;0;9.15;203.34
